customer_id,reference_number,trans_date,post_date,transaction_type,description,amount_usd,month
C001,945NQ4FMYZYCWTIQJ7,2023-07-08,2023-07-09,Purchase,EBAY INC  866-540-3229  CA,8.84,2023-07
C001,L1C32OC6UZHR5XFF0T,2023-07-08,2023-07-10,Purchase,URGENT CARE CENTER  CA,6.13,2023-07
C001,F8MDD4V30T9NT3W5UZ,2023-07-11,2023-07-12,Purchase,DOMINO'S PIZZA  MI,20.21,2023-07
C001,71YZOYN6QICATVAZCC,2023-07-12,2023-07-12,Payment,MOBILE PAYMENT  LAS VEGAS  NV,-156.53,2023-07
C001,OH9SDBDW2PCN9T84AZ,2023-07-14,2023-07-16,Purchase,URGENT CARE CENTER  CA,1.14,2023-07
C001,REN93IIUC039TEX8FS,2023-07-20,2023-07-21,Purchase,NETFLIX  866-579-7172  CA,13.51,2023-07
C001,IFD0TVBDIVUZZPQK51,2023-07-24,2023-07-25,Purchase,AMAZON.COM  800-201-7575  WA,3.15,2023-07
C001,1MKFAZZ81SDW4SHNF8,2023-07-25,2023-07-26,Purchase,URGENT CARE CENTER  CA,1.14,2023-07
C002,IYHE7UR23GDPPQ0Y9D,2023-09-03,2023-09-05,Purchase,GOOGLE PLAY  CA,54.21,2023-09
C002,IGQPKI7P5TB94874FR,2023-09-11,2023-09-11,Purchase,EXPEDIA  800-397-3342  WA,72.63,2023-09
C002,CS4CC5O7UUBCXULJYL,2023-09-11,2023-09-11,Payment,MOBILE PAYMENT  LAS VEGAS  NV,-153.01,2023-09
C002,FAO72KZ02XRGHC0CLB,2023-09-29,2023-09-29,Purchase,DOMINO'S PIZZA  MI,1.23,2023-09
C003,3KX7EEDTJVZHWJR64D,2024-04-01,2024-04-03,Purchase,STEAM GAMES  WA,18.0,2024-04
C003,ME9FPZUE8YFBNTPBN7,2024-04-02,2024-04-02,Purchase,HILTON HOTELS  800-445-8667  VA,2.41,2024-04
C003,E8G8JDP0LVSNUJZA7T,2024-04-06,2024-04-06,Payment,PHONE PAYMENT  LAS VEGAS  NV,-329.39,2024-04
C003,2D54I3QK2IAGL58KXO,2024-04-09,2024-04-09,Purchase,AMC THEATERS  888-440-4262  KS,2.04,2024-04
C003,KL1CQ99CHJ755NF4ZW,2024-04-22,2024-04-24,Purchase,MARRIOTT HOTELS  800-627-7468  MD,35.31,2024-04
C003,Z0YNCXLL4ZKLOOKEP7,2024-04-22,2024-04-24,Credit,CREDIT ONE REWARD CREDIT    CREDIT,-2.5,2024-04
C003,HID25OWF75935A0L72,2024-04-29,2024-04-30,Purchase,SQ *ENRICH AND EMPLOY  CA,2.02,2024-04
C004,SBI4Q2Y9V86WZS3T60,2023-11-06,2023-11-08,Purchase,MARRIOTT HOTELS  800-627-7468  MD,26.7,2023-11
C004,4J1RIPZIM6CFNFHOLQ,2023-11-09,2023-11-09,Purchase,UBER  800-593-7069  CA,16.25,2023-11
C004,TAKPUXQPHR62GDSWM3,2023-11-10,2023-11-11,Purchase,COMCAST XFINITY  800-934-6489  PA,17.12,2023-11
C004,JRNY20479T6VXDP5GJ,2023-11-11,2023-11-07,Credit,CREDIT ONE REWARD CREDIT    CREDIT,-1.25,2023-11
C004,3O18A5UR7KO64T026R,2023-11-12,2023-11-12,Payment,INTERNET PAYMENT  LAS VEGAS  NV,-69.82,2023-11
C004,IHAIR4COWGZRIXA11D,2023-11-22,2023-11-23,Purchase,AMC THEATERS  888-440-4262  KS,35.12,2023-11
C005,3KMKZEBBK7W1DAKRM8,2023-08-09,2023-08-09,Payment,PHONE PAYMENT  LAS VEGAS  NV,-207.83,2023-08
C005,TP0LZJJEGET1GHR09S,2023-08-16,2023-08-18,Purchase,AT&T WIRELESS  800-331-0500  TX,65.18,2023-08
C005,4VE92MPNSM43D8W3ZP,2023-08-23,2023-08-24,Purchase,7-ELEVEN  CA,14.64,2023-08
C005,K8P4Q0B8IC8BBI4WIR,2023-08-25,2023-08-26,Purchase,BP GAS STATION  IL,40.11,2023-08
C005,M5ZJA8DZR1YXR2DHYL,2023-08-26,2023-08-27,Purchase,CHIPOTLE MEXICAN GRILL  CO,25.81,2023-08
C005,QJNV8Z2FLU7U6N7HV3,2023-08-31,2023-08-31,Purchase,HOWLY.COM  877-7793675  DE,6.37,2023-08
C005,J3TRP0J43D5IQVNB4G,2023-08-31,2023-09-02,Purchase,URGENT CARE CENTER  CA,19.34,2023-08
C006,OCWBFUK9E1V2ISQP49,2024-01-04,2024-01-04,Purchase,APPLE ITUNES  800-275-2273  CA,12.59,2024-01
C006,GN1W1HT7PZE9VIFTTD,2024-01-07,2024-01-07,Payment,MOBILE PAYMENT  LAS VEGAS  NV,-257.55,2024-01
C006,LY4LYK83TQLL8OS9XT,2024-01-12,2024-01-13,Purchase,BEST BUY  888-237-8289  MN,52.85,2024-01
C006,V08HHXFGCAQVKIZZQY,2024-01-20,2024-01-20,Purchase,SUNOCO GAS STATION  PA,40.8,2024-01
C006,PTX63CFL0UKEYZ7SRC,2024-01-22,2024-01-22,Purchase,SUNOCO GAS STATION  PA,50.71,2024-01
C006,VAIY4VA13U1GSPK9P3,2024-01-24,2024-01-25,Purchase,BEST BUY  888-237-8289  MN,2.69,2024-01
C007,444NLZ15BCW790PDW5,2023-07-08,2023-07-08,Payment,MOBILE PAYMENT  LAS VEGAS  NV,-797.44,2023-07
C007,KV9RFTMTTQLGZUI1B0,2023-07-10,2023-07-12,Purchase,SQ *ENRICH AND EMPLOY  CA,0.98,2023-07
C007,2XF8E8LD4D6AF58C2J,2023-07-13,2023-07-15,Purchase,WALGREENS  800-925-4733  IL,43.46,2023-07
C007,RZSJ49ITN7S55J2O7S,2023-07-21,2023-07-21,Purchase,DELTA AIR LINES  800-221-1212  GA,2.73,2023-07
C008,2BNE6LOH25NSJF678K,2023-11-02,2023-11-03,Purchase,URGENT CARE CENTER  CA,1.51,2023-11
C008,UY0BVR6K2VMWWYZX4W,2023-11-09,2023-11-09,Purchase,WALGREENS  800-925-4733  IL,5.34,2023-11
C008,YFPMVXPJ4HNRIUU9K9,2023-11-15,2023-11-16,Purchase,COSTCO WHOLESALE  WA,24.29,2023-11
C008,V05X4W7KYHQIN9N6XC,2023-11-19,2023-11-19,Payment,PHONE PAYMENT  LAS VEGAS  NV,-440.44,2023-11
C008,QW7LVXWQZXEBB9EITN,2023-11-22,2023-11-22,Purchase,SHELL OIL  TX,8.53,2023-11
C008,QC1IYYO4UDOJEN0JNW,2023-11-26,2023-11-26,Purchase,GOOGLE PLAY  CA,16.94,2023-11
C008,B2KNFTU2GC5WI6FQJJ,2023-11-29,2023-11-29,Purchase,SUBWAY  CT,49.54,2023-11
C009,DDP0NEC8UYO57P6BKL,2023-11-03,2023-11-03,Cash Advance,CASH ADVANCE ATM HOUSTON TX,41.81,2023-11
C009,FR4MUEKIPU1WYUVXYB,2023-11-12,2023-11-12,Payment,INTERNET PAYMENT  LAS VEGAS  NV,-91.22,2023-11
C009,VDZ4X1ZHQIMQODPXNF,2023-11-15,2023-11-17,Purchase,AT&T WIRELESS  800-331-0500  TX,3.92,2023-11
C009,2D5EM2VAJEPECQNVQH,2023-11-18,2023-11-19,Purchase,MCDONALD'S  IL,8.96,2023-11
C009,SQ8CROYR6CCVCJWTL9,2023-11-24,2023-11-26,Purchase,NETFLIX  866-579-7172  CA,31.45,2023-11
C009,DHX8BM92H3TV3I12VJ,2023-11-28,2023-11-29,Purchase,7-ELEVEN  CA,1.71,2023-11
C009,ZLMA5UOFWB0HPMNZ1U,2023-11-30,2023-11-30,Fee,CREDIT PROTECT  1-877-825-3242,1.01,2023-11
C009,5F1BCPPVOHSMDYVSLH,2023-11-30,2023-11-30,Fee,EXPRESS PAYMENT FEE  LAS VEGAS  NV,2.33,2023-11
C010,WTG1M8XFDJGF1C8WQU,2024-01-03,2024-01-05,Purchase,AMC THEATERS  888-440-4262  KS,11.45,2024-01
C010,LXXEZDUXLEZ896DYSA,2024-01-05,2024-01-06,Purchase,CREDIT PROTECT  1-877-825-3242  NV,23.27,2024-01
C010,811KERPETIUYMO0PQC,2024-01-07,2024-01-08,Purchase,AMAZON.COM  800-201-7575  WA,16.94,2024-01
C010,8M1G9FK2ST0SX5WVFG,2024-01-11,2024-01-11,Payment,PHONE PAYMENT  LAS VEGAS  NV,-539.06,2024-01
C010,OXKO8G8QYNPDPOC50H,2024-01-14,2024-01-16,Purchase,SUNOCO GAS STATION  PA,5.83,2024-01
C010,SFNKOMV2XCDYK0X65M,2024-01-15,2024-01-17,Purchase,WALGREENS  800-925-4733  IL,54.47,2024-01
C010,YW6ZBNZ8V12II826GY,2024-01-19,2024-01-15,Credit,CREDIT ONE REWARD CREDIT    CREDIT,-1.25,2024-01
C010,NU80B6UGVS8Q349DXB,2024-01-20,2024-01-22,Purchase,HOWLY.COM  877-7793675  DE,3.19,2024-01
C010,X9L8LPQW2VMCQBNKX9,2024-01-22,2024-01-24,Purchase,VERIZON WIRELESS  800-922-0204  NJ,12.34,2024-01
C011,LLO3RBXK5BXJ2POP8M,2023-07-07,2023-07-07,Purchase,COSTCO WHOLESALE  WA,4.1,2023-07
C011,0W10LBT3G2QZW3C1QK,2023-07-12,2023-07-12,Purchase,SHELL OIL  TX,1.74,2023-07
C011,6AHF7VP1IEIXWC4RTW,2023-07-20,2023-07-20,Purchase,UBER  800-593-7069  CA,17.11,2023-07
C011,YN2JCPP9GKDLKQZFPQ,2023-07-21,2023-07-21,Payment,AUTOPAY PAYMENT  LAS VEGAS  NV,-22.86,2023-07
C011,KAMUGYSM8T2SA5BNN0,2023-07-23,2023-07-23,Purchase,SPOTIFY USA  DE,47.88,2023-07
C011,SPFHV5BRN7ZSEDFQS3,2023-07-25,2023-07-26,Purchase,GOOGLE PLAY  CA,52.68,2023-07
C011,57OONNCILDZMFB7R31,2023-07-27,2023-07-28,Purchase,WALMART SUPERCENTER  TX,42.3,2023-07
C011,5M9J98CWN2Y8FV2BC2,2023-07-31,2023-07-31,Fee,FOREIGN TRANSACTION FEE  LAS VEGAS  NV,1.0,2023-07
C012,92IRMUQ9E5COZROOUE,2023-10-08,2023-10-08,Purchase,SUNOCO GAS STATION  PA,21.05,2023-10
C012,WTEKTSG7FXZV4U3BBX,2023-10-09,2023-10-09,Purchase,SQ *ENRICH AND EMPLOY  CA,75.46,2023-10
C012,Z049ENULQJIDKNWI5F,2023-10-11,2023-10-30,Credit,CREDIT ONE REWARD CREDIT    CREDIT,-0.84,2023-10
C012,1OXRWK8R2YKCCPRHVL,2023-10-12,2023-10-12,Payment,PHONE PAYMENT  LAS VEGAS  NV,-389.37,2023-10
C012,YM52XG8P6BEFFLZM76,2023-10-15,2023-10-16,Purchase,SHELL OIL  TX,13.54,2023-10
C012,HECGZ9389YZTKKFZZG,2023-10-23,2023-10-24,Purchase,SUBWAY  CT,16.83,2023-10
C012,BFQNPCENLK8AGS6E1Z,2023-10-31,2023-11-02,Purchase,EXXON MOBIL  TX,1.98,2023-10
C013,8DALFYO1750CEHLXSL,2024-02-02,2024-02-04,Purchase,STARBUCKS  WA,10.42,2024-02
C013,RSRLA8S8HMBR5XQT4P,2024-02-07,2024-02-07,Purchase,WALGREENS  800-925-4733  IL,2.84,2024-02
C013,UT6OM1FB8C7X0H3JUJ,2024-02-10,2024-02-10,Purchase,GOOGLE PLAY  CA,27.88,2024-02
C013,Y9V20YAR821UZVGWW4,2024-02-12,2024-02-13,Purchase,DELTA AIR LINES  800-221-1212  GA,0.98,2024-02
C013,BBZ2SF6F7LOW4VSSRU,2024-02-13,2024-02-15,Purchase,UBER EATS  CA,5.03,2024-02
C013,IYTWBOZD1AT7O75RH8,2024-02-13,2024-02-13,Payment,INTERNET PAYMENT  LAS VEGAS  NV,-46.7,2024-02
C013,TY5Y2JR8KK791ZYRRU,2024-02-18,2024-02-19,Purchase,DOORDASH  855-431-0459  CA,0.5,2024-02
C013,NOUHTCS1K9YE9O2M71,2024-02-25,2024-02-26,Purchase,BP GAS STATION  IL,2.12,2024-02
C014,S6ZLE6KWHEF0VOTQTX,2024-01-13,2024-01-15,Purchase,CHEVRON  CA,14.52,2024-01
C014,YV2STN7E36HTF4PYZR,2024-01-13,2024-01-13,Payment,AUTOPAY PAYMENT  LAS VEGAS  NV,-219.25,2024-01
C014,SDYGFLIJI18K0AXYCE,2024-01-27,2024-01-28,Purchase,APPLE ITUNES  800-275-2273  CA,19.99,2024-01
C014,6QCEOUUYLAJAHCPZTC,2024-01-29,2024-01-03,Credit,CREDIT ONE REWARD CREDIT    CREDIT,-0.84,2024-01
C014,XI04B7P47B42G05KBK,2024-01-30,2024-01-30,Purchase,SHELL OIL  TX,17.5,2024-01
C014,K9TR74QGEFQJG02U1G,2024-01-30,2024-01-31,Purchase,NETFLIX  866-579-7172  CA,2.62,2024-01
C015,KC856WPR97Y2LOFN1R,2023-07-08,2023-07-09,Purchase,UBER EATS  CA,8.32,2023-07
C015,FQCOOTNJLCQNT3BNVB,2023-07-10,2023-07-12,Purchase,AMC THEATERS  888-440-4262  KS,2.31,2023-07
C015,119XP9N56NYXTXMGTT,2023-07-14,2023-07-14,Purchase,TARGET  MN,24.49,2023-07
C015,TMJSRD9Q46NOUHFJ7U,2023-07-15,2023-07-15,Cash Advance,CASH ADVANCE ATM HOUSTON TX,73.11,2023-07
C015,FLN4RXYJ38XRG2GZR7,2023-07-15,2023-07-15,Payment,MOBILE PAYMENT  LAS VEGAS  NV,-467.45,2023-07
C015,QY5IBPT11F9I6UU13I,2023-07-20,2023-07-20,Purchase,AMAZON.COM  800-201-7575  WA,1.44,2023-07
C015,0UR5L8A78E9RIVH6T1,2023-07-26,2023-07-28,Purchase,WALMART SUPERCENTER  TX,37.29,2023-07
C015,19QZPNIQFG51BXW76I,2023-07-27,2023-07-27,Purchase,CVS PHARMACY  800-746-7287  RI,27.67,2023-07
C015,98S4C3BAEWCFHQCW76,2023-07-31,2023-07-31,Fee,ANNUAL FEE  LAS VEGAS  NV,5.85,2023-07
C016,TATJ9A3Y36DDFGS3JO,2024-01-01,2024-01-03,Purchase,DELTA AIR LINES  800-221-1212  GA,16.69,2024-01
C016,NEKRCPPRCJIWVHDK8L,2024-01-06,2024-01-08,Purchase,UBER EATS  CA,17.35,2024-01
C016,IZK3C9XBONRWZC4XL9,2024-01-15,2024-01-17,Purchase,EXXON MOBIL  TX,6.87,2024-01
C016,EUVTYT8QZPKY32ORWI,2024-01-17,2024-01-17,Payment,MOBILE PAYMENT  LAS VEGAS  NV,-340.07,2024-01
C016,U4YTN02YC0MDICVWV8,2024-01-19,2024-01-19,Purchase,CHEVRON  CA,6.37,2024-01
C016,2QITNGVN1KICJN2FOM,2024-01-21,2024-01-22,Purchase,SHELL OIL  TX,6.72,2024-01
C016,PP3XVKVZRGOL0W82LK,2024-01-26,2024-01-27,Purchase,VERIZON WIRELESS  800-922-0204  NJ,37.3,2024-01
C016,I6YUJ7YKTXG4AHF337,2024-01-30,2024-01-30,Purchase,HOWLY.COM  877-7793675  DE,1.12,2024-01
C016,Q1DDPUSDDTV25AO20U,2024-01-31,2024-02-01,Purchase,AMAZON.COM  800-201-7575  WA,22.36,2024-01
C017,KGYSPENGWYX9TRFLQB,2024-04-04,2024-04-04,Purchase,CHIPOTLE MEXICAN GRILL  CO,32.81,2024-04
C017,H0Y4VPW232UTVG9KU8,2024-04-13,2024-04-13,Payment,INTERNET PAYMENT  LAS VEGAS  NV,-21.26,2024-04
C017,HNUXORZPGU2HBIK2U1,2024-04-16,2024-04-16,Purchase,SHELL OIL  TX,15.15,2024-04
C017,TLPQ2WGXO05QPAHKZ2,2024-04-17,2024-04-17,Purchase,CVS PHARMACY  800-746-7287  RI,31.84,2024-04
C017,UJT9T11PHP0XI5BJ5D,2024-04-17,2024-04-17,Purchase,LYFT  844-250-2773  CA,16.46,2024-04
C017,X8L2DDH0UYHNQYYF9R,2024-04-21,2024-04-23,Purchase,HOWLY.COM  877-7793675  DE,2.84,2024-04
C017,C9ROS7YT2M6TWD1XMX,2024-04-26,2024-04-27,Purchase,DOMINO'S PIZZA  MI,14.23,2024-04
C017,GLQJ5SXVWVM4W3ZKWD,2024-04-26,2024-04-28,Purchase,NETFLIX  866-579-7172  CA,18.34,2024-04
C017,E7FLQHRRPZLK3E4XYF,2024-04-30,2024-04-30,Purchase,EXXON MOBIL  TX,27.8,2024-04
C017,9YD82795E5IZ31YRUJ,2024-04-30,2024-04-30,Fee,ANNUAL FEE  LAS VEGAS  NV,1.0,2024-04
C018,21O0Z5QRU54D8WZ42O,2024-03-03,2024-03-05,Purchase,UBER  800-593-7069  CA,24.48,2024-03
C018,DMCXXBW01PDDHCVSQA,2024-03-06,2024-03-07,Purchase,SUBWAY  CT,5.01,2024-03
C018,VGOX22INIWC5AMLN4P,2024-03-07,2024-03-09,Purchase,GOOGLE PLAY  CA,16.56,2024-03
C018,9FLV1XXLP8II7EWBXX,2024-03-12,2024-03-12,Payment,INTERNET PAYMENT  LAS VEGAS  NV,-115.98,2024-03
C018,LKTE4261BW4A7FQ9P9,2024-03-16,2024-03-17,Purchase,MARRIOTT HOTELS  800-627-7468  MD,1.13,2024-03
C018,Q9CVAH78OKZ1POXTFD,2024-03-25,2024-03-25,Cash Advance,CASH ADVANCE ATM LOS ANGELES CA,50.14,2024-03
C018,YRID3DNKN35XYCUVFM,2024-03-28,2024-03-29,Purchase,SHELL OIL  TX,1.4,2024-03
C018,WPH6FE0MP2IXIVZK7A,2024-03-30,2024-03-31,Purchase,MCDONALD'S  IL,44.39,2024-03
C018,EZZF8S2ZGE2J51B3JC,2024-03-31,2024-03-31,Fee,LATE PAYMENT FEE  LAS VEGAS  NV,4.01,2024-03
C019,N0LH9P89FKBI4O6Q0U,2024-01-01,2024-01-03,Purchase,TARGET  MN,3.22,2024-01
C019,4UTDD2EC2IHOY7DV7C,2024-01-01,2024-01-02,Purchase,CHEVRON  CA,2.09,2024-01
C019,QMRUNJDU0ISB5IQNF7,2024-01-03,2024-01-04,Purchase,CREDIT PROTECT  1-877-825-3242  NV,4.34,2024-01
C019,6PE63LBQGU3OBYGHGK,2024-01-12,2024-01-12,Payment,INTERNET PAYMENT  LAS VEGAS  NV,-78.37,2024-01
C019,T8HLJEFY3ZB4LDIMSY,2024-01-14,2024-01-14,Purchase,HILTON HOTELS  800-445-8667  VA,1.59,2024-01
C019,0PLOZJCNS6G298CQK4,2024-01-18,2024-01-20,Purchase,SQ *ENRICH AND EMPLOY  CA,14.54,2024-01
C019,AHUKWQVR1H61IAOIM4,2024-01-18,2024-01-19,Purchase,SHELL OIL  TX,1.75,2024-01
C019,CUP8IJL2Z0LJCH2VFF,2024-01-21,2024-01-22,Purchase,SPOTIFY USA  DE,8.6,2024-01
C020,JAVB3K3QMVIFIIT201,2023-12-11,2023-12-12,Purchase,COMCAST XFINITY  800-934-6489  PA,25.27,2023-12
C020,GV3Z6BZ8UUG95RLRDI,2023-12-12,2023-12-12,Purchase,DOMINO'S PIZZA  MI,15.71,2023-12
C020,KEF828XG8Y72IVGLYE,2023-12-16,2023-12-16,Payment,INTERNET PAYMENT  LAS VEGAS  NV,-408.54,2023-12
C020,A7HEZ74LAV71448N7O,2023-12-17,2023-12-18,Purchase,EMPIRE GAS AND FOOD  CA,9.55,2023-12
C020,IKOTCKEH5SW2292MTR,2023-12-20,2023-12-22,Purchase,HOWLY.COM  877-7793675  DE,1.67,2023-12
C021,L9OT7TXKDOTRBAD3WR,2023-10-02,2023-10-02,Purchase,MARRIOTT HOTELS  800-627-7468  MD,25.4,2023-10
C021,MT8VT43PT5R5RC6ZS6,2023-10-03,2023-10-05,Purchase,7-ELEVEN  CA,18.76,2023-10
C021,C4KL8CGN0T6DVWRB7F,2023-10-06,2023-10-07,Purchase,CVS PHARMACY  800-746-7287  RI,2.35,2023-10
C021,W9RE2Q6JXNNNGBPJ4U,2023-10-07,2023-10-07,Purchase,AMAZON.COM  800-201-7575  WA,8.83,2023-10
C021,NRVBJFVYB6LI076A3K,2023-10-09,2023-10-09,Cash Advance,CASH ADVANCE ATM HOUSTON TX,162.21,2023-10
C021,4S7AZV2EFUU8DD2255,2023-10-18,2023-10-19,Purchase,VERIZON WIRELESS  800-922-0204  NJ,4.36,2023-10
C021,4Y9IK01L0VDP6ORSNC,2023-10-21,2023-10-21,Payment,PHONE PAYMENT  LAS VEGAS  NV,-260.31,2023-10
C021,F8Q8GHGBCYH3FVL03D,2023-10-22,2023-10-24,Purchase,STEAM GAMES  WA,25.78,2023-10
C021,QJICJDAN085RNTDR5X,2023-10-29,2023-10-30,Purchase,URGENT CARE CENTER  CA,18.54,2023-10
C021,2CZO2SUG5HCBBMHNQO,2023-10-30,2023-10-04,Credit,CREDIT ONE REWARD CREDIT    CREDIT,-2.5,2023-10
C021,O98BV78HU7F0I9G5DZ,2023-10-31,2023-11-02,Purchase,EBAY INC  866-540-3229  CA,23.36,2023-10
C021,BNVG5VMF60YKNFU84X,2023-10-31,2023-10-31,Fee,FOREIGN TRANSACTION FEE  LAS VEGAS  NV,3.0,2023-10
C021,HXS58YREG2IV7ZZJ64,2023-10-31,2023-10-31,Fee,FOREIGN TRANSACTION FEE  LAS VEGAS  NV,3.0,2023-10
C021,JQY3ODSX4NXVKDC9X5,2023-10-31,2023-10-31,Fee,OVER LIMIT FEE  LAS VEGAS  NV,6.98,2023-10
C022,M969F5GCL9LCQH1UF2,2024-02-05,2024-02-05,Purchase,AMC THEATERS  888-440-4262  KS,40.77,2024-02
C022,PPPRAT0861TAA0I5LD,2024-02-05,2024-02-07,Purchase,SQ *ENRICH AND EMPLOY  CA,47.18,2024-02
C022,CB8QSSPYE9R1F63AI9,2024-02-06,2024-02-06,Cash Advance,CASH ADVANCE ATM CHICAGO IL,63.44,2024-02
C022,VGNXB5JTB9XXAYPNTR,2024-02-06,2024-02-06,Payment,AUTOPAY PAYMENT  LAS VEGAS  NV,-43.06,2024-02
C022,0L2LJK4Q5V7C6S5NKB,2024-02-12,2024-02-12,Purchase,WALMART SUPERCENTER  TX,13.33,2024-02
C022,FZWKXXJVE3DZEEDHHJ,2024-02-17,2024-02-07,Credit,CREDIT ONE REWARD CREDIT    CREDIT,-0.84,2024-02
C022,IT26YS445GDEJ31GYM,2024-02-24,2024-02-26,Purchase,CHIPOTLE MEXICAN GRILL  CO,6.19,2024-02
C022,KF1622VXYZX9JPNBZU,2024-02-29,2024-03-02,Purchase,URGENT CARE CENTER  CA,2.79,2024-02
C022,ZKBRH7LAY64YFDS0DJ,2024-02-29,2024-02-29,Fee,CREDIT PROTECT  1-877-825-3242,1.01,2024-02
C022,Q9JB354MYPE46AEXL6,2024-02-29,2024-02-29,Fee,LATE PAYMENT FEE  LAS VEGAS  NV,4.07,2024-02
C023,BIXOIQ2Q4QERXDOUAD,2023-11-11,2023-11-12,Purchase,CHEVRON  CA,3.1,2023-11
C023,GO8JN42X2EZC7FOV2Y,2023-11-12,2023-11-13,Purchase,SHELL OIL  TX,17.38,2023-11
C023,YWP0RXXF36WA7SQRF1,2023-11-17,2023-11-19,Purchase,GOOGLE PLAY  CA,6.1,2023-11
C023,ND6R30OJHE4H3GM1BW,2023-11-18,2023-11-20,Purchase,WALGREENS  800-925-4733  IL,69.59,2023-11
C023,QVS8A0TPV726YG3DXV,2023-11-20,2023-11-20,Payment,INTERNET PAYMENT  LAS VEGAS  NV,-344.88,2023-11
C023,6UXQM334L1VZNQDXAM,2023-11-21,2023-11-22,Purchase,COMCAST XFINITY  800-934-6489  PA,10.01,2023-11
C023,W5506RR5PCXA5S00I8,2023-11-25,2023-11-26,Purchase,DOMINO'S PIZZA  MI,13.13,2023-11
C024,LK8WRU1XEMIX7IB5N2,2023-08-04,2023-08-13,Credit,CREDIT ONE REWARD CREDIT    CREDIT,-2.5,2023-08
C024,1W4K2TCZS8S2FTOM5X,2023-08-07,2023-08-07,Payment,PHONE PAYMENT  LAS VEGAS  NV,-220.25,2023-08
C024,BCJ29YFC2HTMQWYUIX,2023-08-13,2023-08-13,Purchase,AMAZON.COM  800-201-7575  WA,32.11,2023-08
C024,61J88QEOZ0KZ4Z7WHW,2023-08-14,2023-08-16,Purchase,VERIZON WIRELESS  800-922-0204  NJ,10.33,2023-08
C024,KX7N89LTAJW2536ZX1,2023-08-17,2023-08-19,Purchase,MARRIOTT HOTELS  800-627-7468  MD,11.96,2023-08
C024,18KGYGGSNPUEVJLZFF,2023-08-20,2023-08-20,Purchase,CREDIT PROTECT  1-877-825-3242  NV,94.37,2023-08
C024,EZ9GTWZ1UU7ZY6T5PA,2023-08-30,2023-09-01,Purchase,BP GAS STATION  IL,19.35,2023-08
C025,350P3CYAZBCGJC36OQ,2024-01-07,2024-01-09,Purchase,DELTA AIR LINES  800-221-1212  GA,6.99,2024-01
C025,00H64FGWJEYUB19TXC,2024-01-07,2024-01-09,Purchase,TARGET  MN,8.08,2024-01
C025,024KWK585X8A5FBUOT,2024-01-08,2024-01-08,Purchase,UBER EATS  CA,8.62,2024-01
C025,D0RLEXDW6LQWLVUNLP,2024-01-09,2024-01-09,Cash Advance,CASH ADVANCE ATM NEW YORK NY,75.14,2024-01
C025,63N2QB6GS8G8TACY15,2024-01-10,2024-01-10,Purchase,CREDIT PROTECT  1-877-825-3242  NV,79.06,2024-01
C025,OEAZC0B4MSKYVK7N3B,2024-01-11,2024-01-11,Purchase,UBER  800-593-7069  CA,16.56,2024-01
C025,IH0P4E05QMKTGV44FT,2024-01-16,2024-01-16,Payment,INTERNET PAYMENT  LAS VEGAS  NV,-56.21,2024-01
C025,0W064W3U1HBJ6TXFO6,2024-01-31,2024-01-31,Fee,CREDIT PROTECT  1-877-825-3242,1.01,2024-01
C025,0KQSOSX43WFSQG8X80,2024-01-31,2024-01-31,Fee,ANNUAL FEE  LAS VEGAS  NV,5.0,2024-01
C026,IJIYS2N75BXD8WJ0UU,2023-09-08,2023-09-09,Purchase,SHELL OIL  TX,10.84,2023-09
C026,V6CJ9IO3M25A5PISKF,2023-09-13,2023-09-14,Purchase,EXPEDIA  800-397-3342  WA,8.05,2023-09
C026,8W5038HVQRHOFU1WSG,2023-09-13,2023-09-15,Purchase,UBER EATS  CA,3.76,2023-09
C026,VTJA0ASSNH2ODPVJTU,2023-09-15,2023-09-15,Payment,INTERNET PAYMENT  LAS VEGAS  NV,-214.48,2023-09
C026,3XOLEYRVXOIEVES6FF,2023-09-20,2023-09-22,Purchase,CHIPOTLE MEXICAN GRILL  CO,0.61,2023-09
C026,7YPP5ZP7R1M264UPJ1,2023-09-29,2023-09-29,Cash Advance,CASH ADVANCE ATM NEW YORK NY,122.89,2023-09
C026,VCNEAS6Y3VG6V5T1DX,2023-09-30,2023-10-01,Purchase,WALGREENS  800-925-4733  IL,27.53,2023-09
C026,JY1O2RNTJLMZ04X0QZ,2023-09-30,2023-09-30,Fee,ANNUAL FEE  LAS VEGAS  NV,9.83,2023-09
C027,CK82853UY8U118QQVA,2024-01-04,2024-01-06,Purchase,LYFT  844-250-2773  CA,52.86,2024-01
C027,8C1GRA47SH2SZWYMX9,2024-01-10,2024-01-12,Purchase,URGENT CARE CENTER  CA,1.95,2024-01
C027,CW9YIL8SA3IDY3C7RM,2024-01-14,2024-01-14,Payment,INTERNET PAYMENT  LAS VEGAS  NV,-378.74,2024-01
C027,22WYBOW23QVDJNV07O,2024-01-17,2024-01-18,Purchase,WALMART SUPERCENTER  TX,3.41,2024-01
C027,MOVS0CDK36M8JVH7UJ,2024-01-25,2024-01-26,Purchase,TARGET  MN,8.37,2024-01
C028,SLAYNDN5GJJ8MGPP1N,2024-03-04,2024-03-06,Purchase,DOORDASH  855-431-0459  CA,29.2,2024-03
C028,MYR06NKWFG3MWU4CFI,2024-03-06,2024-03-07,Purchase,UBER EATS  CA,9.34,2024-03
C028,UUOYC3RWQMMU7JAE58,2024-03-10,2024-03-11,Purchase,EXXON MOBIL  TX,26.53,2024-03
C028,NJKA34MQA78RAPKIAN,2024-03-14,2024-03-29,Credit,CREDIT ONE REWARD CREDIT    CREDIT,-1.25,2024-03
C028,U9Y3Z2T4H20RAPE6WT,2024-03-15,2024-03-15,Purchase,HILTON HOTELS  800-445-8667  VA,5.53,2024-03
C028,WR965R96KHUB2RTSOY,2024-03-16,2024-03-17,Purchase,COSTCO WHOLESALE  WA,22.71,2024-03
C028,B1S9DWD7OI0PESGBM6,2024-03-18,2024-03-18,Cash Advance,CASH ADVANCE ATM HOUSTON TX,109.14,2024-03
C028,9TJQ8ZGVWWUSXLMT2P,2024-03-20,2024-03-20,Payment,MOBILE PAYMENT  LAS VEGAS  NV,-568.93,2024-03
C028,VO5270SQG4EIJ00HOD,2024-03-23,2024-03-24,Purchase,BP GAS STATION  IL,20.37,2024-03
C028,Y6RH05HHIWFD7YXW1T,2024-03-31,2024-04-02,Purchase,CHEVRON  CA,5.64,2024-03
C028,PIZX3HCWS2WYJXTJGC,2024-03-31,2024-03-31,Fee,ANNUAL FEE  LAS VEGAS  NV,8.73,2024-03
C029,VOI8UYYF1IRYM81CMF,2023-11-06,2023-11-07,Purchase,SHELL OIL  TX,46.88,2023-11
C029,RLUXM60AN0JBZUTRUT,2023-11-10,2023-11-10,Payment,INTERNET PAYMENT  LAS VEGAS  NV,-434.37,2023-11
C029,WJWGABTGDJZ0IFRML2,2023-11-21,2023-11-22,Purchase,SHELL OIL  TX,26.09,2023-11
C029,L48C1CQG433E1I1P0B,2023-11-23,2023-11-23,Purchase,EXXON MOBIL  TX,19.95,2023-11
C029,S9RYLLWB7SJWH55HEW,2023-11-25,2023-11-25,Purchase,EXPEDIA  800-397-3342  WA,2.46,2023-11
C030,6TCFKJNAWNGA41IZXT,2023-08-09,2023-08-11,Purchase,WALGREENS  800-925-4733  IL,11.58,2023-08
C030,NVC7HR6C2CU7ONZ3JB,2023-08-09,2023-08-09,Purchase,URGENT CARE CENTER  CA,1.25,2023-08
C030,88D0TGSIWG0ODWMQX5,2023-08-10,2023-08-10,Purchase,COSTCO WHOLESALE  WA,26.75,2023-08
C030,RTWLXDSC4E5HRDU4XS,2023-08-17,2023-08-19,Purchase,MARRIOTT HOTELS  800-627-7468  MD,6.18,2023-08
C030,SXTV76T94OW3LITNT0,2023-08-18,2023-08-19,Purchase,MCDONALD'S  IL,33.88,2023-08
C030,QO09VS9KKH4A3YJTU7,2023-08-20,2023-08-20,Payment,PHONE PAYMENT  LAS VEGAS  NV,-311.31,2023-08
C031,FJ6IJKUUHCLRR6Z3DX,2024-01-15,2024-01-16,Purchase,AMAZON.COM  800-201-7575  WA,1.16,2024-01
C031,HOUU9SIJPYUEONGMX1,2024-01-16,2024-01-18,Purchase,AMC THEATERS  888-440-4262  KS,71.65,2024-01
C031,W9PFB3HN14EB8753AY,2024-01-17,2024-01-17,Payment,AUTOPAY PAYMENT  LAS VEGAS  NV,-308.66,2024-01
C031,FY981UDP2FMR0TJOPZ,2024-01-23,2024-01-23,Purchase,SUNOCO GAS STATION  PA,17.76,2024-01
C031,N27M5P7E1047WWBSLU,2024-01-26,2024-01-28,Purchase,EBAY INC  866-540-3229  CA,49.63,2024-01
C032,ITMOFMMWI9S3W563BT,2024-03-01,2024-03-01,Purchase,CREDIT PROTECT  1-877-825-3242  NV,23.49,2024-03
C032,F6XDN8WWIIF86LTHET,2024-03-13,2024-03-13,Payment,PHONE PAYMENT  LAS VEGAS  NV,-355.52,2024-03
C032,L0HT1TW9ZYN6SJCHZJ,2024-03-16,2024-03-16,Purchase,EXXON MOBIL  TX,9.2,2024-03
C032,CXX6MDK5N9SZ6RVDH8,2024-03-31,2024-03-31,Purchase,EXPEDIA  800-397-3342  WA,56.41,2024-03
C033,2S8NN16UXF5GZPL1QW,2024-01-04,2024-01-29,Credit,CREDIT ONE REWARD CREDIT    CREDIT,-2.5,2024-01
C033,ZSE99F77LU8EL5015O,2024-01-10,2024-01-12,Purchase,AMC THEATERS  888-440-4262  KS,99.84,2024-01
C033,767J2DG1WJUIIYMYRS,2024-01-15,2024-01-17,Purchase,HILTON HOTELS  800-445-8667  VA,5.35,2024-01
C033,N18GP51KFK7Y6QXDSG,2024-01-18,2024-01-18,Cash Advance,CASH ADVANCE ATM NEW YORK NY,155.24,2024-01
C033,OQGVZHQJY62ZEEQNSN,2024-01-18,2024-01-18,Payment,AUTOPAY PAYMENT  LAS VEGAS  NV,-40.8,2024-01
C033,N4REGB1AJO091C795R,2024-01-23,2024-01-25,Purchase,VERIZON WIRELESS  800-922-0204  NJ,15.09,2024-01
C033,P1V3ZO7UTXZBDQ55IT,2024-01-29,2024-01-29,Purchase,EXXON MOBIL  TX,4.36,2024-01
C033,8A1ARR3VRHXQPVA5KW,2024-01-31,2024-01-31,Fee,LATE PAYMENT FEE  LAS VEGAS  NV,12.42,2024-01
C034,XB4Y4K7BPGYVYV2GQU,2023-08-05,2023-08-05,Purchase,WALMART SUPERCENTER  TX,23.22,2023-08
C034,HY25M8KB9W4UOV51ZL,2023-08-06,2023-08-06,Payment,PHONE PAYMENT  LAS VEGAS  NV,-135.08,2023-08
C034,KVLS9MEUSWRGVZ9AAW,2023-08-20,2023-08-22,Purchase,URGENT CARE CENTER  CA,2.68,2023-08
C034,BORIQ8HKE226PARSG7,2023-08-24,2023-08-28,Credit,CREDIT ONE REWARD CREDIT    CREDIT,-1.25,2023-08
C034,L6314CQE4LOHHCU9TD,2023-08-25,2023-08-26,Purchase,AMAZON.COM  800-201-7575  WA,18.84,2023-08
C034,GLMY62XRW6TM2O04K0,2023-08-27,2023-08-27,Cash Advance,CASH ADVANCE ATM NEW YORK NY,119.7,2023-08
C034,29OMUWAHK2LSLAYM0W,2023-08-28,2023-08-28,Purchase,EBAY INC  866-540-3229  CA,9.69,2023-08
C034,LL1D9S9HBN5ELB45L6,2023-08-31,2023-08-31,Fee,ANNUAL FEE  LAS VEGAS  NV,9.58,2023-08
C035,UD2ZDLX1Q8F6JNG7L4,2023-10-03,2023-10-04,Purchase,UBER EATS  CA,22.18,2023-10
C035,9NM3V2P2TIXC7URVQT,2023-10-11,2023-10-11,Payment,AUTOPAY PAYMENT  LAS VEGAS  NV,-43.14,2023-10
C035,RCER4KMUSOZDUCKQVI,2023-10-15,2023-10-15,Cash Advance,CASH ADVANCE ATM CHICAGO IL,45.29,2023-10
C035,3G8CD31NRXD356WAFF,2023-10-18,2023-10-10,Credit,CREDIT ONE REWARD CREDIT    CREDIT,-2.5,2023-10
C035,GL6TBB6BNDOZ6WYQML,2023-10-19,2023-10-19,Purchase,WALGREENS  800-925-4733  IL,23.82,2023-10
C035,A1WHHKT1YJFE8UDTTJ,2023-10-24,2023-10-25,Purchase,CREDIT PROTECT  1-877-825-3242  NV,49.97,2023-10
C035,WQH5K2Y77Z69UWS44C,2023-10-31,2023-10-31,Fee,OVER LIMIT FEE  LAS VEGAS  NV,3.62,2023-10
C036,6DR08CW2LBM2QSQ0P8,2024-01-03,2024-01-05,Purchase,LYFT  844-250-2773  CA,4.66,2024-01
C036,CAZRP9DXOQ2VPGSTQM,2024-01-05,2024-01-05,Purchase,AMC THEATERS  888-440-4262  KS,10.57,2024-01
C036,VQYIY1SY9LAACOSYM0,2024-01-09,2024-01-07,Credit,CREDIT ONE REWARD CREDIT    CREDIT,-2.5,2024-01
C036,B700UCRGB93WKCS4KE,2024-01-10,2024-01-10,Purchase,GOOGLE PLAY  CA,1.92,2024-01
C036,TPK2NLT8DTM4VXJJ2J,2024-01-10,2024-01-10,Payment,PHONE PAYMENT  LAS VEGAS  NV,-15.01,2024-01
C036,U4ISOTN9UZERYF0992,2024-01-20,2024-01-20,Purchase,DOMINO'S PIZZA  MI,10.72,2024-01
C036,3M55IZOLNNTXRGN74F,2024-01-23,2024-01-25,Purchase,AMAZON.COM  800-201-7575  WA,1.29,2024-01
C036,NX0GU4BJ3BQRR87IYO,2024-01-25,2024-01-25,Cash Advance,CASH ADVANCE ATM HOUSTON TX,125.34,2024-01
C036,AEGVFQ3JZR25MDF7FR,2024-01-28,2024-01-29,Purchase,BP GAS STATION  IL,2.0,2024-01
C036,AD7X48WZE4EX6U86ZJ,2024-01-31,2024-01-31,Fee,EXPRESS PAYMENT FEE  LAS VEGAS  NV,4.95,2024-01
C036,XCQ91YY1J2JCN9J3GC,2024-01-31,2024-01-31,Fee,OVER LIMIT FEE  LAS VEGAS  NV,6.08,2024-01
C037,T8CQ1XGBNGZ6WMDW0F,2024-04-03,2024-04-04,Purchase,URGENT CARE CENTER  CA,47.37,2024-04
C037,RF1HX6ZDCUJQ6FX7XJ,2024-04-06,2024-04-08,Purchase,VERIZON WIRELESS  800-922-0204  NJ,28.12,2024-04
C037,7BFXQ7BZEGBL2QGV3D,2024-04-13,2024-04-13,Payment,AUTOPAY PAYMENT  LAS VEGAS  NV,-444.32,2024-04
C037,IN2XR838AMMZOHXS75,2024-04-24,2024-04-26,Purchase,EMPIRE GAS AND FOOD  CA,32.87,2024-04
C037,US7RP422TA83RU7MYO,2024-04-29,2024-04-30,Purchase,WALGREENS  800-925-4733  IL,49.39,2024-04
C038,RE6ZVLHYL2LD05NHQR,2023-09-06,2023-09-06,Purchase,SPOTIFY USA  DE,17.16,2023-09
C038,2P39YL9UE421VMEFOZ,2023-09-08,2023-09-08,Purchase,COMCAST XFINITY  800-934-6489  PA,18.91,2023-09
C038,HVGNQGMJMBUKDQP1HK,2023-09-10,2023-09-10,Payment,MOBILE PAYMENT  LAS VEGAS  NV,-682.04,2023-09
C038,7BD4W1ARAGDX5O31YH,2023-09-15,2023-09-15,Purchase,SPOTIFY USA  DE,1.62,2023-09
C038,O7VBGR8W2MAIETDN1T,2023-09-17,2023-09-18,Purchase,WALGREENS  800-925-4733  IL,3.24,2023-09
C038,XJG2Y8RGYBXKPM21B0,2023-09-25,2023-09-27,Purchase,DOORDASH  855-431-0459  CA,42.12,2023-09
C039,90SPO3ZDRC1YOHMI9A,2023-10-02,2023-10-02,Purchase,BEST BUY  888-237-8289  MN,72.04,2023-10
C039,QUV9QEZG5WZAWNYTK1,2023-10-06,2023-10-08,Purchase,WALGREENS  800-925-4733  IL,11.6,2023-10
C039,015Z11L6SPBNQS3QT3,2023-10-21,2023-10-21,Payment,INTERNET PAYMENT  LAS VEGAS  NV,-94.76,2023-10
C039,YWM7S6NBNQBNXZU1EM,2023-10-26,2023-10-26,Cash Advance,CASH ADVANCE ATM LOS ANGELES CA,148.94,2023-10
C039,UTIOS5HRQAP5IPI786,2023-10-29,2023-10-29,Purchase,STEAM GAMES  WA,7.08,2023-10
C039,QNYY95G5DOG8CFEFFH,2023-10-31,2023-10-31,Fee,CREDIT PROTECT  1-877-825-3242,1.01,2023-10
C039,AOY7RP0AGA24SMUX2R,2023-10-31,2023-10-31,Fee,FOREIGN TRANSACTION FEE  LAS VEGAS  NV,3.0,2023-10
C039,Z4QKE2GJR81BMQF7ZK,2023-10-31,2023-10-31,Fee,FOREIGN TRANSACTION FEE  LAS VEGAS  NV,3.0,2023-10
C039,4YXFIBLEJGUBLMNTFK,2023-10-31,2023-10-31,Fee,LATE PAYMENT FEE  LAS VEGAS  NV,4.91,2023-10
C040,TLO4QDBXVH7KATQYDS,2024-02-05,2024-02-07,Purchase,DELTA AIR LINES  800-221-1212  GA,22.91,2024-02
C040,V76MF4NNKM95D0P92K,2024-02-11,2024-02-13,Purchase,DOORDASH  855-431-0459  CA,20.54,2024-02
C040,FVDHR59C81DO6OUZ1E,2024-02-19,2024-02-19,Payment,MOBILE PAYMENT  LAS VEGAS  NV,-140.81,2024-02
C040,87F8TSXK6819Y207ME,2024-02-25,2024-02-25,Purchase,UBER  800-593-7069  CA,15.49,2024-02
C041,NW8BKXCGW1VGLL42JZ,2023-12-02,2023-12-03,Purchase,CHEVRON  CA,4.02,2023-12
C041,R3KVR0I2FKXWEXKG6X,2023-12-10,2023-12-12,Purchase,APPLE ITUNES  800-275-2273  CA,3.77,2023-12
C041,MFEK2O7FHS32UY84ZZ,2023-12-18,2023-12-20,Purchase,SHELL OIL  TX,5.84,2023-12
C041,QC37RLN36V1MZB3I4F,2023-12-19,2023-12-19,Payment,INTERNET PAYMENT  LAS VEGAS  NV,-168.43,2023-12
C041,R8VNRPJY93N0AJUFQY,2023-12-25,2023-12-26,Purchase,AMAZON.COM  800-201-7575  WA,18.49,2023-12
C042,DHSZNVP8GMNHIE9EDE,2023-09-01,2023-09-03,Purchase,STEAM GAMES  WA,20.76,2023-09
C042,9P1EARPHBXVQ6BKADE,2023-09-07,2023-09-07,Purchase,CHEVRON  CA,15.06,2023-09
C042,127MY89SFQERI7B03R,2023-09-14,2023-09-14,Payment,PHONE PAYMENT  LAS VEGAS  NV,-259.82,2023-09
C042,GMD478MFS0IUDUAHGK,2023-09-19,2023-09-19,Purchase,SPOTIFY USA  DE,11.51,2023-09
C042,DPXDFOVD79C9MV9E40,2023-09-22,2023-09-22,Cash Advance,CASH ADVANCE ATM HOUSTON TX,34.83,2023-09
C042,UBLEKVL9PTK4GC4RYG,2023-09-23,2023-09-24,Purchase,GOOGLE PLAY  CA,11.76,2023-09
C042,AGVLKW1XSRQKRST3TA,2023-09-25,2023-09-02,Credit,CREDIT ONE REWARD CREDIT    CREDIT,-0.84,2023-09
C042,5EQ4PBGX25FPLO1URT,2023-09-30,2023-09-30,Fee,OVER LIMIT FEE  LAS VEGAS  NV,2.79,2023-09
C043,YKPL3CHO3XJVOEGI3Q,2024-04-05,2024-04-07,Purchase,STARBUCKS  WA,64.22,2024-04
C043,0IPFG8PJVRN8LPY857,2024-04-12,2024-04-16,Credit,CREDIT ONE REWARD CREDIT    CREDIT,-0.84,2024-04
C043,W8ZUVJUTPMC3SKXLOJ,2024-04-13,2024-04-13,Purchase,SUNOCO GAS STATION  PA,5.48,2024-04
C043,CIILDY5EGTBXPSPAQA,2024-04-14,2024-04-15,Purchase,BP GAS STATION  IL,1.75,2024-04
C043,6HJB2JTXB02B6LKC86,2024-04-14,2024-04-16,Purchase,VERIZON WIRELESS  800-922-0204  NJ,8.88,2024-04
C043,4SOR8WM9LBB4M0A6MD,2024-04-16,2024-04-18,Purchase,VERIZON WIRELESS  800-922-0204  NJ,14.94,2024-04
C043,70FE07S387J5IE3LVO,2024-04-18,2024-04-18,Payment,INTERNET PAYMENT  LAS VEGAS  NV,-465.89,2024-04
C043,LDRYHR3YFK8HW9C4HJ,2024-04-19,2024-04-20,Purchase,EXXON MOBIL  TX,8.15,2024-04
C043,GAZ5UH80Q7TW1PUWSN,2024-04-22,2024-04-24,Purchase,VERIZON WIRELESS  800-922-0204  NJ,4.97,2024-04
C044,8V4X7Y2ITL8N3E54N6,2023-08-01,2023-08-03,Purchase,BP GAS STATION  IL,14.61,2023-08
C044,71K4FPL3X2JC2R07LP,2023-08-10,2023-08-10,Purchase,HILTON HOTELS  800-445-8667  VA,6.55,2023-08
C044,W69HZGOPJDN8EZP7QY,2023-08-21,2023-08-23,Purchase,HOWLY.COM  877-7793675  DE,5.65,2023-08
C044,5407K5W1JL6L91F4X2,2023-08-21,2023-08-21,Payment,AUTOPAY PAYMENT  LAS VEGAS  NV,-112.3,2023-08
C044,QAELYYZZ0JDCLI6978,2023-08-22,2023-08-24,Purchase,SUNOCO GAS STATION  PA,1.43,2023-08
C044,G52KRE4V9KYPOFKJW6,2023-08-23,2023-08-23,Purchase,WALMART SUPERCENTER  TX,4.45,2023-08
C044,ASN9YE6BGGRMQDZPJL,2023-08-24,2023-08-24,Purchase,CREDIT PROTECT  1-877-825-3242  NV,8.41,2023-08
C044,14Y2LR0JY32HOG585I,2023-08-25,2023-08-27,Purchase,CREDIT PROTECT  1-877-825-3242  NV,4.58,2023-08
C044,ZSMV30QABXW2EOWLCF,2023-08-27,2023-08-27,Purchase,SQ *ENRICH AND EMPLOY  CA,10.39,2023-08
C045,QZRWJXLBWQ8962E52K,2023-10-01,2023-10-01,Purchase,CHEVRON  CA,97.92,2023-10
C045,GQFQE6RP9UQEZFMHK4,2023-10-02,2023-10-02,Purchase,MCDONALD'S  IL,31.12,2023-10
C045,TVDJI1OAHNOX8FK207,2023-10-08,2023-10-08,Payment,INTERNET PAYMENT  LAS VEGAS  NV,-47.9,2023-10
C045,UXH9A1G7IRDLK9EN7D,2023-10-27,2023-10-28,Purchase,URGENT CARE CENTER  CA,2.32,2023-10
C046,9JYPAOAXQOX00K3WY8,2024-02-03,2024-02-05,Purchase,MCDONALD'S  IL,24.06,2024-02
C046,DNHQNJVDPNGWDS9YXZ,2024-02-12,2024-02-14,Purchase,SPOTIFY USA  DE,1.9,2024-02
C046,V1A0Q24BOZL01Q3M73,2024-02-12,2024-02-13,Purchase,AT&T WIRELESS  800-331-0500  TX,30.06,2024-02
C046,AQIK3OMD4PORU09BOS,2024-02-16,2024-02-17,Purchase,DOORDASH  855-431-0459  CA,25.74,2024-02
C046,4ZQ50OP7XMR8FHYDRG,2024-02-20,2024-02-20,Cash Advance,CASH ADVANCE ATM CHICAGO IL,85.06,2024-02
C046,SKP6RFE64SKBCBDPDX,2024-02-21,2024-02-23,Purchase,LYFT  844-250-2773  CA,27.56,2024-02
C046,DO9KHBA5MF36BCPWEI,2024-02-21,2024-02-21,Payment,AUTOPAY PAYMENT  LAS VEGAS  NV,-186.55,2024-02
C046,ICAUTJX6EWXQPF0QPS,2024-02-22,2024-02-23,Purchase,URGENT CARE CENTER  CA,5.46,2024-02
C046,DEG3ZGARFI44TD1FPE,2024-02-26,2024-02-27,Purchase,WALGREENS  800-925-4733  IL,4.52,2024-02
C046,9211U645VDB828192V,2024-02-29,2024-02-29,Fee,CREDIT PROTECT  1-877-825-3242,1.01,2024-02
C046,83BDW56FKPS0DXME4P,2024-02-29,2024-02-29,Fee,RETURNED PAYMENT FEE  LAS VEGAS  NV,5.79,2024-02
C047,ZSCMO1POB7FU99259P,2023-09-05,2023-09-05,Purchase,BEST BUY  888-237-8289  MN,37.22,2023-09
C047,MSDN1MXF1PI2OOQ42N,2023-09-08,2023-09-09,Purchase,SQ *ENRICH AND EMPLOY  CA,38.2,2023-09
C047,VOEUBFN9KR2FVB66H3,2023-09-09,2023-09-09,Payment,PHONE PAYMENT  LAS VEGAS  NV,-237.56,2023-09
C047,REM5PUU62RZV1SQQQ5,2023-09-11,2023-09-03,Credit,CREDIT ONE REWARD CREDIT    CREDIT,-1.25,2023-09
C047,ZLM36VFOX5WWPM3X15,2023-09-18,2023-09-19,Purchase,URGENT CARE CENTER  CA,21.54,2023-09
C047,OZ5STHSLMWA6TJ3KPS,2023-09-18,2023-09-19,Purchase,AMAZON.COM  800-201-7575  WA,3.92,2023-09
C047,FN0DSG2QFPODPEHCYO,2023-09-19,2023-09-21,Purchase,URGENT CARE CENTER  CA,21.39,2023-09
C047,JSE17QUAMI0UZ7X4IK,2023-09-27,2023-09-28,Purchase,CVS PHARMACY  800-746-7287  RI,5.46,2023-09
C047,JRPP7R93FEZEZ5EHR0,2023-09-28,2023-09-28,Cash Advance,CASH ADVANCE ATM HOUSTON TX,38.15,2023-09
C047,WWN6MBYPJDFAW1LXXD,2023-09-30,2023-09-30,Fee,RETURNED PAYMENT FEE  LAS VEGAS  NV,3.05,2023-09
C048,Q7QHAK7MDWKZIRNK6Z,2023-12-04,2023-12-04,Cash Advance,CASH ADVANCE ATM NEW YORK NY,90.07,2023-12
C048,H3O5URTXUYUCECJUIS,2023-12-06,2023-12-06,Payment,AUTOPAY PAYMENT  LAS VEGAS  NV,-196.48,2023-12
C048,8A7RV4NMWVSB0UKOEF,2023-12-10,2023-12-12,Purchase,STEAM GAMES  WA,14.15,2023-12
C048,O4LJEDGFJDLOGWLACO,2023-12-14,2023-12-14,Purchase,TARGET  MN,2.21,2023-12
C048,J76BIVISS8JLTCBW6A,2023-12-14,2023-12-15,Purchase,CHEVRON  CA,9.67,2023-12
C048,IT2KODWH8N92TP6QAQ,2023-12-22,2023-12-22,Purchase,COMCAST XFINITY  800-934-6489  PA,32.7,2023-12
C048,O6Z1T2XCB3YYM33MG1,2023-12-22,2023-12-22,Purchase,AMAZON.COM  800-201-7575  WA,1.21,2023-12
C048,8S1SAXT8JH34UDTLVR,2023-12-25,2023-12-25,Purchase,COMCAST XFINITY  800-934-6489  PA,4.53,2023-12
C048,HS258W9ZJXLH8L6E7V,2023-12-29,2023-12-30,Purchase,AT&T WIRELESS  800-331-0500  TX,10.03,2023-12
C048,J4A8YWY5APYX4L4OES,2023-12-31,2023-12-31,Fee,RETURNED PAYMENT FEE  LAS VEGAS  NV,7.21,2023-12
C049,2CLP81L51FLMNAVYCS,2023-12-08,2023-12-08,Purchase,MARRIOTT HOTELS  800-627-7468  MD,22.22,2023-12
C049,6Y2C2BVPDCB4OWO52W,2023-12-13,2023-12-14,Purchase,AMAZON.COM  800-201-7575  WA,1.6,2023-12
C049,5WM72QLGDVC2GUWJP0,2023-12-15,2023-12-16,Purchase,UBER  800-593-7069  CA,7.73,2023-12
C049,3VWMJDIMBM271W1WUD,2023-12-16,2023-12-17,Purchase,AMAZON.COM  800-201-7575  WA,48.82,2023-12
C049,HAIIWI08L0HG9NCBEK,2023-12-21,2023-12-21,Payment,INTERNET PAYMENT  LAS VEGAS  NV,-155.02,2023-12
C049,5IKPQAHCUA09PCIFLW,2023-12-25,2023-12-25,Purchase,SUNOCO GAS STATION  PA,10.11,2023-12
C049,PHH62MYZ9VLU8WPFQ2,2023-12-28,2023-12-28,Purchase,STEAM GAMES  WA,14.29,2023-12
C050,ZSR8RUW2XH6QIHPNF4,2023-07-06,2023-07-07,Purchase,VERIZON WIRELESS  800-922-0204  NJ,4.08,2023-07
C050,KFIWKESVR022WGN51N,2023-07-07,2023-07-09,Purchase,COMCAST XFINITY  800-934-6489  PA,5.23,2023-07
C050,3X79955CF72GNNV9IB,2023-07-08,2023-07-09,Purchase,EXXON MOBIL  TX,14.24,2023-07
C050,27DCBHHLK3YJZ99106,2023-07-08,2023-07-08,Payment,PHONE PAYMENT  LAS VEGAS  NV,-151.02,2023-07
C050,D1KSIBSMQPNRJAPJC6,2023-07-18,2023-07-18,Cash Advance,CASH ADVANCE ATM CHICAGO IL,138.68,2023-07
C050,BBHG5ZMTGA46AYN2D7,2023-07-30,2023-07-31,Purchase,URGENT CARE CENTER  CA,14.03,2023-07
C050,1KM9831AX985I0HIVT,2023-07-31,2023-07-31,Fee,EXPRESS PAYMENT FEE  LAS VEGAS  NV,4.95,2023-07
C050,0Q2LG1ZHQUNUE7A34M,2023-07-31,2023-07-31,Fee,OVER LIMIT FEE  LAS VEGAS  NV,6.14,2023-07
C051,VILURQBDX7M42O34OG,2024-01-03,2024-01-04,Purchase,DOORDASH  855-431-0459  CA,22.85,2024-01
C051,8XKGYG3VAH6NHKSQNA,2024-01-11,2024-01-13,Purchase,DELTA AIR LINES  800-221-1212  GA,15.53,2024-01
C051,Z6TPBWSXXDYPVBNHI6,2024-01-12,2024-01-12,Payment,AUTOPAY PAYMENT  LAS VEGAS  NV,-95.7,2024-01
C051,9EP0O6H5L3XFULHZQH,2024-01-13,2024-01-13,Purchase,EXXON MOBIL  TX,18.86,2024-01
C051,NXZDZB5F5TXC066O1E,2024-01-14,2024-01-15,Purchase,CREDIT PROTECT  1-877-825-3242  NV,6.69,2024-01
C051,QCXZPQKF4VGE0GYAJP,2024-01-16,2024-01-16,Cash Advance,CASH ADVANCE ATM HOUSTON TX,50.48,2024-01
C051,1YKVUBF99U26UON8CN,2024-01-25,2024-01-26,Purchase,EXPEDIA  800-397-3342  WA,15.49,2024-01
C051,S2OFHBAWYQMOGBJZEY,2024-01-25,2024-01-25,Purchase,SHELL OIL  TX,6.51,2024-01
C051,HABA3YC8D4X0BS3LWW,2024-01-30,2024-01-18,Credit,CREDIT ONE REWARD CREDIT    CREDIT,-0.84,2024-01
C051,7EHMGOLOQC3XNCHKV9,2024-01-31,2024-01-31,Fee,OVER LIMIT FEE  LAS VEGAS  NV,4.04,2024-01
C052,L2B2O31I0MHB792ZI5,2024-03-05,2024-03-06,Purchase,WALGREENS  800-925-4733  IL,19.28,2024-03
C052,PA5CGWFHDV37IC0LZI,2024-03-06,2024-03-06,Cash Advance,CASH ADVANCE ATM CHICAGO IL,160.44,2024-03
C052,V9IW6L01WCNKFHB7V8,2024-03-08,2024-03-10,Purchase,URGENT CARE CENTER  CA,16.72,2024-03
C052,KU8H5R8MNQPVPF8R1P,2024-03-13,2024-03-13,Payment,AUTOPAY PAYMENT  LAS VEGAS  NV,-101.8,2024-03
C052,G8V9ZY9YLW5L4RMVVN,2024-03-26,2024-03-28,Purchase,URGENT CARE CENTER  CA,25.5,2024-03
C052,17VF0JQQNVCEQFGAS0,2024-03-31,2024-03-31,Fee,EXPRESS PAYMENT FEE  LAS VEGAS  NV,4.95,2024-03
C052,OOO0NL9C59E7F1811M,2024-03-31,2024-03-31,Fee,OVER LIMIT FEE  LAS VEGAS  NV,7.89,2024-03
C053,8Q3GCG1J6OWW5FKNJM,2024-04-06,2024-04-08,Purchase,DOORDASH  855-431-0459  CA,3.37,2024-04
C053,0KHFSU4SE2KYT5GQEX,2024-04-09,2024-04-09,Payment,MOBILE PAYMENT  LAS VEGAS  NV,-320.28,2024-04
C053,YDC1AU9DSAV917RMPN,2024-04-16,2024-04-17,Purchase,SPOTIFY USA  DE,0.71,2024-04
C053,1MF07OL93ACZSX0GNZ,2024-04-21,2024-04-23,Purchase,AMAZON.COM  800-201-7575  WA,2.95,2024-04
C053,SXAW7LW580YIR02M77,2024-04-22,2024-04-23,Purchase,CREDIT PROTECT  1-877-825-3242  NV,4.48,2024-04
C053,ZX70IB3WYZXJQYJV84,2024-04-23,2024-04-24,Purchase,EXPEDIA  800-397-3342  WA,11.35,2024-04
C053,X7OV6SGP3JK8XNLO50,2024-04-25,2024-04-25,Purchase,AMAZON.COM  800-201-7575  WA,15.77,2024-04
C053,7XNCMLDQZ05EV5KZ3N,2024-04-27,2024-04-27,Purchase,BP GAS STATION  IL,6.17,2024-04
C054,K043BLSYJ4UWHK8C3F,2023-12-05,2023-12-07,Purchase,WALGREENS  800-925-4733  IL,2.41,2023-12
C054,ZD9B7LNKZX8YX7WR2L,2023-12-06,2023-12-08,Purchase,STARBUCKS  WA,60.8,2023-12
C054,ZB5GRO9X49TMY91OTK,2023-12-13,2023-12-13,Payment,AUTOPAY PAYMENT  LAS VEGAS  NV,-442.9,2023-12
C054,NZ0NXU43IEDD070EN4,2023-12-21,2023-12-22,Purchase,7-ELEVEN  CA,26.24,2023-12
C054,LVGNP127EXVDA4L3KH,2023-12-24,2023-12-24,Purchase,LYFT  844-250-2773  CA,69.45,2023-12
C055,K8S2XQUZS9MTHD3IGK,2023-08-01,2023-08-01,Purchase,EXPEDIA  800-397-3342  WA,1.3,2023-08
C055,6G8OM08TV4REASFEN0,2023-08-02,2023-08-30,Credit,CREDIT ONE REWARD CREDIT    CREDIT,-2.5,2023-08
C055,5IAN8ND7G0L3RTZ5TV,2023-08-10,2023-08-10,Payment,PHONE PAYMENT  LAS VEGAS  NV,-247.99,2023-08
C055,E1U24ZQFEZKFH00A0U,2023-08-13,2023-08-13,Purchase,UBER EATS  CA,9.23,2023-08
C055,YGCMR8ESMPF0IEOKVG,2023-08-13,2023-08-14,Purchase,CVS PHARMACY  800-746-7287  RI,2.38,2023-08
C055,N9ZKELZ5TOZO32TC4T,2023-08-19,2023-08-19,Purchase,COSTCO WHOLESALE  WA,3.94,2023-08
C055,NX3VPF9PAVCEDTCXNM,2023-08-23,2023-08-23,Cash Advance,CASH ADVANCE ATM LOS ANGELES CA,160.89,2023-08
C055,9YDQ3NWQAEEX6IV9RY,2023-08-25,2023-08-27,Purchase,WALGREENS  800-925-4733  IL,0.73,2023-08
C055,86GVGT2EEHFU4B9SNT,2023-08-25,2023-08-25,Purchase,SQ *ENRICH AND EMPLOY  CA,7.84,2023-08
C055,VHMEWCJN6OCJPZTC09,2023-08-31,2023-08-31,Purchase,AMC THEATERS  888-440-4262  KS,5.2,2023-08
C055,XN1YPQPMQK8SZ7IWDL,2023-08-31,2023-08-31,Fee,FOREIGN TRANSACTION FEE  LAS VEGAS  NV,3.0,2023-08
C055,LDC08FC0TR58PS0RS9,2023-08-31,2023-08-31,Fee,RETURNED PAYMENT FEE  LAS VEGAS  NV,9.87,2023-08
C056,4S8PNNE6IT1EKKH0UH,2023-09-03,2023-09-04,Purchase,MCDONALD'S  IL,4.22,2023-09
C056,FS1IYM90PKR1IFSI15,2023-09-10,2023-09-10,Payment,INTERNET PAYMENT  LAS VEGAS  NV,-304.11,2023-09
C056,FHRXJPT2ZL15S74NDD,2023-09-11,2023-09-11,Purchase,EXPEDIA  800-397-3342  WA,20.21,2023-09
C056,W60ZZ0I0835TVV8Y5S,2023-09-13,2023-09-13,Purchase,CVS PHARMACY  800-746-7287  RI,4.11,2023-09
C056,9I3HZ3ZSG9VWIEB97P,2023-09-20,2023-09-07,Credit,CREDIT ONE REWARD CREDIT    CREDIT,-1.25,2023-09
C056,JQNN6TJ9XPF0A5ZDKE,2023-09-25,2023-09-27,Purchase,WALMART SUPERCENTER  TX,7.03,2023-09
C056,764CAQKDM0OAPHT6O6,2023-09-27,2023-09-27,Purchase,SUNOCO GAS STATION  PA,5.51,2023-09
C057,DG8NKDAT5L0N2TNXHN,2024-02-09,2024-02-11,Purchase,EXXON MOBIL  TX,16.81,2024-02
C057,SZ9HPCPBDN7ZI6GAXL,2024-02-13,2024-02-14,Purchase,SQ *ENRICH AND EMPLOY  CA,31.31,2024-02
C057,QZ6CP7SAVZEBU2Y0OY,2024-02-17,2024-02-17,Payment,PHONE PAYMENT  LAS VEGAS  NV,-351.34,2024-02
C057,VB853GQD7WKR1TFEPZ,2024-02-21,2024-02-23,Purchase,WALMART SUPERCENTER  TX,68.36,2024-02
C058,3DKS4F6APFXI5N53EG,2023-12-06,2023-12-06,Payment,INTERNET PAYMENT  LAS VEGAS  NV,-111.03,2023-12
C058,BF57J2XI3TAMVNCZTZ,2023-12-08,2023-12-09,Purchase,HOWLY.COM  877-7793675  DE,10.25,2023-12
C058,JU31FI0N6DGG5GR0XA,2023-12-08,2023-12-09,Purchase,DOORDASH  855-431-0459  CA,58.29,2023-12
C058,7V2A2T34DF163LRITJ,2023-12-09,2023-12-09,Purchase,SQ *ENRICH AND EMPLOY  CA,21.11,2023-12
C058,9WAM0KJAX57U0Y8JWV,2023-12-10,2023-12-11,Purchase,LYFT  844-250-2773  CA,1.45,2023-12
C058,DD8MWE776VGTVYFYK3,2023-12-12,2023-12-29,Credit,CREDIT ONE REWARD CREDIT    CREDIT,-2.5,2023-12
C058,N2OJGFHZ52QZSKHZTG,2023-12-15,2023-12-17,Purchase,WALMART SUPERCENTER  TX,5.6,2023-12
C058,YGFPQXO0E1ADNDA37E,2023-12-27,2023-12-28,Purchase,MCDONALD'S  IL,32.05,2023-12
C059,0EZF0ZPBDURVFFFIA3,2023-10-02,2023-10-02,Cash Advance,CASH ADVANCE ATM LOS ANGELES CA,128.88,2023-10
C059,1QFS8Q0PXAECXVGFOP,2023-10-10,2023-10-10,Payment,MOBILE PAYMENT  LAS VEGAS  NV,-81.94,2023-10
C059,8QZJULI7JDN80OCO39,2023-10-20,2023-10-27,Credit,CREDIT ONE REWARD CREDIT    CREDIT,-2.5,2023-10
C059,73ZCA7FXLOZ2RCU8KD,2023-10-22,2023-10-23,Purchase,EXXON MOBIL  TX,56.1,2023-10
C059,IA9AU87CM453KF486I,2023-10-23,2023-10-23,Purchase,AMC THEATERS  888-440-4262  KS,18.15,2023-10
C059,MRR9VWE77NTTRTIDZS,2023-10-25,2023-10-26,Purchase,MCDONALD'S  IL,20.3,2023-10
C059,3QLX3F2XHDCV4BKTCV,2023-10-31,2023-10-31,Fee,EXPRESS PAYMENT FEE  LAS VEGAS  NV,4.95,2023-10
C059,6GH7IDUB9RBDL918SL,2023-10-31,2023-10-31,Fee,RETURNED PAYMENT FEE  LAS VEGAS  NV,5.36,2023-10
C060,F5T82DDL7FKNDG1JRJ,2023-09-04,2023-09-04,Purchase,DOORDASH  855-431-0459  CA,27.11,2023-09
C060,YL6SS1A2R5BFYCW8IH,2023-09-05,2023-09-07,Purchase,WALGREENS  800-925-4733  IL,6.23,2023-09
C060,F8S0X7M2MM4P61NHVC,2023-09-05,2023-09-07,Purchase,URGENT CARE CENTER  CA,17.23,2023-09
C060,LL9RZRKBFQXLBVN7NP,2023-09-07,2023-09-08,Purchase,UBER  800-593-7069  CA,66.98,2023-09
C060,B58YJWDCOKZ5SYJ3D6,2023-09-12,2023-09-12,Payment,MOBILE PAYMENT  LAS VEGAS  NV,-285.85,2023-09
C060,ZUFDNU4I5YMQT3DGD8,2023-09-24,2023-09-24,Purchase,CVS PHARMACY  800-746-7287  RI,7.1,2023-09
C060,78RNKOWYPSWLDOQ59B,2023-09-30,2023-09-30,Purchase,EXPEDIA  800-397-3342  WA,23.34,2023-09
C061,72SJXL66YA6BA24S0L,2023-09-01,2023-09-01,Cash Advance,CASH ADVANCE ATM HOUSTON TX,131.16,2023-09
C061,QNTFPKXYWZ76DD4DA7,2023-09-04,2023-09-04,Purchase,GOOGLE PLAY  CA,6.22,2023-09
C061,MPRYFZMYOA2VCYWL97,2023-09-06,2023-09-06,Purchase,GOOGLE PLAY  CA,15.3,2023-09
C061,24WJT8HDPWVBZ7CN0E,2023-09-15,2023-09-21,Credit,CREDIT ONE REWARD CREDIT    CREDIT,-1.25,2023-09
C061,I9GX32UEW9G6SPD2SW,2023-09-19,2023-09-19,Payment,AUTOPAY PAYMENT  LAS VEGAS  NV,-264.24,2023-09
C061,A67RL2YJ0974WXUB0G,2023-09-24,2023-09-25,Purchase,URGENT CARE CENTER  CA,9.24,2023-09
C061,7DPUBKPIQNHQE86O3Z,2023-09-24,2023-09-26,Purchase,BEST BUY  888-237-8289  MN,3.25,2023-09
C061,VHHGY8NNKL3ER9OM3P,2023-09-25,2023-09-25,Purchase,URGENT CARE CENTER  CA,10.81,2023-09
C061,1GXHG403NJBCFA95D7,2023-09-30,2023-09-30,Fee,FOREIGN TRANSACTION FEE  LAS VEGAS  NV,3.0,2023-09
C061,DK6DRN4ORAC8CYNL63,2023-09-30,2023-09-30,Fee,EXPRESS PAYMENT FEE  LAS VEGAS  NV,4.95,2023-09
C061,K6XW4EMM9VASJEVTS1,2023-09-30,2023-09-30,Fee,LATE PAYMENT FEE  LAS VEGAS  NV,2.54,2023-09
C062,9PEGLNUKX496K4O67B,2023-10-02,2023-10-02,Cash Advance,CASH ADVANCE ATM HOUSTON TX,52.8,2023-10
C062,BEDYEJHDZXQ3P87JH4,2023-10-04,2023-10-04,Purchase,GOOGLE PLAY  CA,27.1,2023-10
C062,Q3OKLMC1RBK9RX647D,2023-10-08,2023-10-08,Payment,INTERNET PAYMENT  LAS VEGAS  NV,-90.99,2023-10
C062,OV58TOE3PGIHNFLAYZ,2023-10-09,2023-10-11,Purchase,HOWLY.COM  877-7793675  DE,0.89,2023-10
C062,I3E950ID033TAYB5BB,2023-10-10,2023-10-03,Credit,CREDIT ONE REWARD CREDIT    CREDIT,-1.25,2023-10
C062,6UNVSDKV54C6P1LLH2,2023-10-19,2023-10-20,Purchase,DOORDASH  855-431-0459  CA,7.6,2023-10
C062,D2VFHZPQVJLDNHM63Q,2023-10-31,2023-11-01,Purchase,WALGREENS  800-925-4733  IL,87.34,2023-10
C062,LW3JGEQE5158OQESUX,2023-10-31,2023-10-31,Fee,CREDIT PROTECT  1-877-825-3242,1.01,2023-10
C062,L0IJKCU5X0HC8CAH3G,2023-10-31,2023-10-31,Fee,CREDIT PROTECT  1-877-825-3242,1.01,2023-10
C062,M31SL7ZX4DE7NQWHOC,2023-10-31,2023-10-31,Fee,EXPRESS PAYMENT FEE  LAS VEGAS  NV,2.2,2023-10
C063,X0PKOVTRPYX8HBBJCD,2023-08-04,2023-08-04,Purchase,BP GAS STATION  IL,1.7,2023-08
C063,Y0A94XFRI09M0G8W85,2023-08-04,2023-08-05,Purchase,VERIZON WIRELESS  800-922-0204  NJ,4.21,2023-08
C063,6FARMGJCY4V8URID3U,2023-08-06,2023-08-07,Purchase,WALMART SUPERCENTER  TX,49.78,2023-08
C063,YQF8WXKK2ABKVBLPXA,2023-08-09,2023-08-05,Credit,CREDIT ONE REWARD CREDIT    CREDIT,-0.84,2023-08
C063,JY5OP9LBSMWPQ82K8R,2023-08-11,2023-08-11,Payment,MOBILE PAYMENT  LAS VEGAS  NV,-512.86,2023-08
C063,D05JH2MKV0DSZRK6IL,2023-08-13,2023-08-14,Purchase,DOMINO'S PIZZA  MI,79.16,2023-08
C063,GFDK0Q09JRNAMZ6146,2023-08-17,2023-08-19,Purchase,CHEVRON  CA,26.31,2023-08
C063,XF50I6GBXQJ7DPFSSB,2023-08-31,2023-09-02,Purchase,SUBWAY  CT,1.93,2023-08
C064,XFWZ73WHCF5SIDASO7,2023-11-08,2023-11-10,Purchase,MARRIOTT HOTELS  800-627-7468  MD,11.95,2023-11
C064,8RYOZDPPBQUAKX6WB6,2023-11-09,2023-11-09,Payment,PHONE PAYMENT  LAS VEGAS  NV,-123.95,2023-11
C064,Q8Q6A1DF62UNW65B4E,2023-11-12,2023-11-13,Purchase,EXXON MOBIL  TX,4.47,2023-11
C064,RGI4JWPXEFAF0ISZHR,2023-11-13,2023-11-13,Cash Advance,CASH ADVANCE ATM CHICAGO IL,172.58,2023-11
C064,QBB3XMDKRLC0Y0BHF0,2023-11-15,2023-11-17,Purchase,CVS PHARMACY  800-746-7287  RI,13.37,2023-11
C064,FDJ9HVCHRM3WP8DJKL,2023-11-22,2023-11-24,Purchase,SUNOCO GAS STATION  PA,15.9,2023-11
C064,2F1JOHKK7QG24DSYSY,2023-11-22,2023-11-23,Purchase,VERIZON WIRELESS  800-922-0204  NJ,15.07,2023-11
C064,Q0J9M4SMZOCXMZMZ2K,2023-11-30,2023-11-30,Fee,LATE PAYMENT FEE  LAS VEGAS  NV,13.81,2023-11
C065,ZDQ7JBMJM1FT07X5IC,2024-04-02,2024-04-04,Purchase,LYFT  844-250-2773  CA,6.91,2024-04
C065,R8VGZSXJZVUV3CB0IX,2024-04-03,2024-04-05,Purchase,EXXON MOBIL  TX,3.41,2024-04
C065,QEWUHRYI0PT2DA8DBF,2024-04-04,2024-04-06,Purchase,CHIPOTLE MEXICAN GRILL  CO,1.67,2024-04
C065,KEIVLI77JZC58CU47S,2024-04-05,2024-04-07,Purchase,NETFLIX  866-579-7172  CA,2.49,2024-04
C065,IVI052U9AZ3CEGBMXI,2024-04-10,2024-04-05,Credit,CREDIT ONE REWARD CREDIT    CREDIT,-1.25,2024-04
C065,T4Y0TB1ZPPEP69NGPC,2024-04-12,2024-04-12,Payment,INTERNET PAYMENT  LAS VEGAS  NV,-159.57,2024-04
C065,1930I6G61PCWE4C1V4,2024-04-16,2024-04-17,Purchase,EXPEDIA  800-397-3342  WA,3.59,2024-04
C065,MCO075RE0DRIMR25I7,2024-04-23,2024-04-23,Purchase,COMCAST XFINITY  800-934-6489  PA,3.83,2024-04
C065,U5MY80TGH3SM642PW5,2024-04-25,2024-04-26,Purchase,TARGET  MN,3.5,2024-04
C066,5XIXGSPLTI899A44TB,2024-03-05,2024-03-05,Cash Advance,CASH ADVANCE ATM LOS ANGELES CA,23.35,2024-03
C066,M3PP00CDNZY47QUUSF,2024-03-07,2024-03-07,Purchase,SUNOCO GAS STATION  PA,7.3,2024-03
C066,C4NANPINXTXB1761M3,2024-03-10,2024-03-10,Purchase,VERIZON WIRELESS  800-922-0204  NJ,8.52,2024-03
C066,AABMWUOUC6T8PJ2JRI,2024-03-15,2024-03-16,Purchase,CHEVRON  CA,7.1,2024-03
C066,DSECHU3YCPKAVM96N7,2024-03-17,2024-03-17,Payment,AUTOPAY PAYMENT  LAS VEGAS  NV,-326.18,2024-03
C066,XC7HZ364PKNT5I6LTD,2024-03-22,2024-03-22,Purchase,UBER  800-593-7069  CA,1.47,2024-03
C066,RC64SKTE02BIP18A4J,2024-03-23,2024-03-25,Purchase,EXXON MOBIL  TX,0.61,2024-03
C066,EA28DITMOWNX23VEUL,2024-03-24,2024-03-24,Purchase,UBER  800-593-7069  CA,23.34,2024-03
C066,WFB76AV3S2SUMH3B0N,2024-03-31,2024-03-31,Fee,CREDIT PROTECT  1-877-825-3242,1.01,2024-03
C066,CC7ISUTP04SBRSPJ4K,2024-03-31,2024-03-31,Fee,FOREIGN TRANSACTION FEE  LAS VEGAS  NV,0.86,2024-03
C067,UWDKEJP5K7917XFH41,2023-08-01,2023-08-20,Credit,CREDIT ONE REWARD CREDIT    CREDIT,-2.5,2023-08
C067,8DKMU6U4PLLGF309HS,2023-08-14,2023-08-14,Payment,AUTOPAY PAYMENT  LAS VEGAS  NV,-334.96,2023-08
C067,XV2MEOSFR5HGQGP1ZQ,2023-08-22,2023-08-24,Purchase,DOMINO'S PIZZA  MI,22.29,2023-08
C067,IL9YQ8OCUCNRI2I397,2023-08-26,2023-08-27,Purchase,CHEVRON  CA,10.62,2023-08
C067,4AGCSTNPEZIKM3MVDZ,2023-08-28,2023-08-28,Purchase,WALMART SUPERCENTER  TX,13.26,2023-08
C067,86W0P1Z00V3SFAVYQL,2023-08-30,2023-08-31,Purchase,EBAY INC  866-540-3229  CA,17.06,2023-08
C068,20ICFMQ0YCY6BDZSGU,2024-02-04,2024-02-05,Purchase,URGENT CARE CENTER  CA,3.13,2024-02
C068,BYWWIMT8545YRWVTKH,2024-02-11,2024-02-11,Payment,AUTOPAY PAYMENT  LAS VEGAS  NV,-188.7,2024-02
C068,AEN7YJF30KH5840ACU,2024-02-21,2024-02-23,Purchase,SQ *ENRICH AND EMPLOY  CA,20.81,2024-02
C068,A3AH7U0S3KDZ4PPJ59,2024-02-26,2024-02-26,Purchase,COMCAST XFINITY  800-934-6489  PA,18.18,2024-02
C069,AN2LM1CBHT94OZKFNO,2023-08-01,2023-08-03,Purchase,COMCAST XFINITY  800-934-6489  PA,2.93,2023-08
C069,Z1OA3VF02GVLLSAJHJ,2023-08-03,2023-08-05,Purchase,AMAZON.COM  800-201-7575  WA,0.75,2023-08
C069,LMFLUOAY12TLXLZS49,2023-08-03,2023-08-30,Credit,CREDIT ONE REWARD CREDIT    CREDIT,-0.84,2023-08
C069,BA7DORFKI1IJE2XE0J,2023-08-08,2023-08-08,Purchase,CREDIT PROTECT  1-877-825-3242  NV,4.33,2023-08
C069,LOPO6J0M3LOUFHW8WL,2023-08-09,2023-08-11,Purchase,GOOGLE PLAY  CA,8.87,2023-08
C069,XEQLEZZ1R2ROIKS62C,2023-08-11,2023-08-11,Purchase,UBER  800-593-7069  CA,96.0,2023-08
C069,KD8UR6TIARONTDI9OI,2023-08-13,2023-08-13,Cash Advance,CASH ADVANCE ATM HOUSTON TX,113.71,2023-08
C069,UXL39DG5RIFWR0UI1J,2023-08-21,2023-08-21,Payment,PHONE PAYMENT  LAS VEGAS  NV,-70.74,2023-08
C069,PCEASEH5E5RWSF5PAE,2023-08-31,2023-08-31,Fee,EXPRESS PAYMENT FEE  LAS VEGAS  NV,4.95,2023-08
C069,Z5JL6UFKY28NVQHL09,2023-08-31,2023-08-31,Fee,CREDIT PROTECT  1-877-825-3242,1.01,2023-08
C069,FZRLGQ9AZHDQDWVCW5,2023-08-31,2023-08-31,Fee,LATE PAYMENT FEE  LAS VEGAS  NV,3.14,2023-08
C070,LDNJ7VBJRBZJW83579,2023-12-01,2023-12-03,Purchase,SPOTIFY USA  DE,69.44,2023-12
C070,1VJ35YRG29D2FF5L6B,2023-12-11,2023-12-13,Purchase,APPLE ITUNES  800-275-2273  CA,42.81,2023-12
C070,QK1IO1ZM4LCVHFWJFP,2023-12-14,2023-12-16,Purchase,VERIZON WIRELESS  800-922-0204  NJ,2.75,2023-12
C070,G0XTDNWZZG4C4EPZL4,2023-12-21,2023-12-21,Payment,MOBILE PAYMENT  LAS VEGAS  NV,-452.37,2023-12
C070,YUPMANQY0HU97NG0AP,2023-12-23,2023-12-24,Purchase,UBER  800-593-7069  CA,14.32,2023-12
C070,J35VLWOJTXCF0KJD2V,2023-12-30,2023-12-30,Purchase,CVS PHARMACY  800-746-7287  RI,3.7,2023-12
C071,VYOW47LUEQ4D7D7GDL,2024-01-02,2024-01-03,Purchase,DOORDASH  855-431-0459  CA,61.37,2024-01
C071,ZS32D1JQBEXGFVNNVB,2024-01-07,2024-01-08,Purchase,GOOGLE PLAY  CA,43.47,2024-01
C071,8UFX2BD2FMOQXHGLG4,2024-01-14,2024-01-03,Credit,CREDIT ONE REWARD CREDIT    CREDIT,-1.25,2024-01
C071,ROB7I77DPJUVFFKVZS,2024-01-16,2024-01-16,Payment,PHONE PAYMENT  LAS VEGAS  NV,-166.6,2024-01
C071,0LY66G9ZNAXOYCG1FJ,2024-01-21,2024-01-23,Purchase,AMC THEATERS  888-440-4262  KS,0.86,2024-01
C071,M6FRM6GMFT1PWVZ0RI,2024-01-21,2024-01-21,Cash Advance,CASH ADVANCE ATM NEW YORK NY,98.05,2024-01
C071,2HNC0I4X6G1EBZGFLI,2024-01-25,2024-01-25,Purchase,CVS PHARMACY  800-746-7287  RI,12.06,2024-01
C071,GKZJRUMXQW3B4NTHZM,2024-01-29,2024-01-29,Purchase,SUBWAY  CT,4.58,2024-01
C071,IY4NRMQYZ6Y3Z1DE1E,2024-01-31,2024-01-31,Fee,FOREIGN TRANSACTION FEE  LAS VEGAS  NV,3.0,2024-01
C071,LKY5VTMY8A5GINSAVO,2024-01-31,2024-01-31,Fee,RETURNED PAYMENT FEE  LAS VEGAS  NV,4.84,2024-01
C072,GHPMXPKN3B8PFY4QCY,2024-03-05,2024-03-06,Purchase,CVS PHARMACY  800-746-7287  RI,30.4,2024-03
C072,29TNYFM7VH30QBKERN,2024-03-12,2024-03-12,Purchase,SUNOCO GAS STATION  PA,40.73,2024-03
C072,PY1AJKPQKBE0TOGTEF,2024-03-14,2024-03-14,Payment,PHONE PAYMENT  LAS VEGAS  NV,-409.99,2024-03
C072,2ALUNQR8O1KJWV2QNR,2024-03-28,2024-03-29,Purchase,EBAY INC  866-540-3229  CA,64.37,2024-03
C073,8JX54PEGJKS4I2NR1P,2024-04-01,2024-04-01,Purchase,UBER  800-593-7069  CA,1.36,2024-04
C073,YI340SQCNF9W5N9C70,2024-04-12,2024-04-13,Purchase,HILTON HOTELS  800-445-8667  VA,6.68,2024-04
C073,8EOHDK5199TMH6K1WX,2024-04-13,2024-04-15,Purchase,SPOTIFY USA  DE,19.13,2024-04
C073,C0TK1QQFVWUO11K09N,2024-04-18,2024-04-19,Purchase,WALGREENS  800-925-4733  IL,6.75,2024-04
C073,IO1K7F5OA31XYDUPPG,2024-04-18,2024-04-18,Payment,PHONE PAYMENT  LAS VEGAS  NV,-505.14,2024-04
C073,JYV6YJOAOEJV9LHALC,2024-04-25,2024-04-25,Purchase,URGENT CARE CENTER  CA,0.8,2024-04
C073,VWLO7AMMPQ0HZYJB48,2024-04-27,2024-04-28,Purchase,SUNOCO GAS STATION  PA,5.71,2024-04
C074,0YOSQN285TZV9ZP3C3,2024-04-03,2024-04-03,Purchase,EXPEDIA  800-397-3342  WA,86.6,2024-04
C074,W9V08LIUQDN05XT54F,2024-04-05,2024-04-07,Purchase,SPOTIFY USA  DE,30.76,2024-04
C074,77LK6HQIV929SEVL7F,2024-04-06,2024-04-07,Purchase,CHEVRON  CA,26.9,2024-04
C074,O7WP2D41U2ZNXFIRJL,2024-04-17,2024-04-17,Payment,INTERNET PAYMENT  LAS VEGAS  NV,-345.37,2024-04
C075,3WQA1VRGSS8K5IJULP,2023-08-07,2023-08-09,Purchase,EXPEDIA  800-397-3342  WA,1.17,2023-08
C075,1RD5B2CRPRDVVKAP6Z,2023-08-08,2023-08-10,Purchase,STARBUCKS  WA,15.12,2023-08
C075,SI2G74IZG9JJ0076EK,2023-08-15,2023-08-17,Purchase,SQ *ENRICH AND EMPLOY  CA,14.96,2023-08
C075,7HYLGOGFXLSRVP0IJ7,2023-08-15,2023-08-15,Payment,INTERNET PAYMENT  LAS VEGAS  NV,-162.92,2023-08
C075,PK0ZFKNWBHKVJZ09OW,2023-08-16,2023-08-18,Purchase,WALGREENS  800-925-4733  IL,28.74,2023-08
C075,UWA03260NBW8SJ84TC,2023-08-16,2023-08-17,Purchase,CHIPOTLE MEXICAN GRILL  CO,6.03,2023-08
C075,L9QFCPK7PWTG21HSLT,2023-08-16,2023-08-16,Purchase,AMC THEATERS  888-440-4262  KS,25.06,2023-08
C075,VSSN7X5RRNYCIHFV0E,2023-08-21,2023-08-21,Purchase,CHIPOTLE MEXICAN GRILL  CO,21.04,2023-08
C075,RIJKQ2ZUV1FKHNNK8F,2023-08-29,2023-08-31,Purchase,BEST BUY  888-237-8289  MN,4.49,2023-08
C076,PNU02WPJCF07V882O8,2024-01-01,2024-01-02,Purchase,GOOGLE PLAY  CA,27.25,2024-01
C076,9VCCMTPKQ5C9035VUU,2024-01-08,2024-01-09,Purchase,WALGREENS  800-925-4733  IL,6.0,2024-01
C076,U92T24D7V911PJQ50X,2024-01-08,2024-01-08,Payment,INTERNET PAYMENT  LAS VEGAS  NV,-22.31,2024-01
C076,0AEOORBT6SAPBS22RU,2024-01-09,2024-01-11,Purchase,SUBWAY  CT,7.67,2024-01
C076,03LLU1A7BOXFQJ3HXJ,2024-01-10,2024-01-11,Purchase,CHEVRON  CA,10.95,2024-01
C076,TXU3YF15Z08N10HLIN,2024-01-11,2024-01-13,Purchase,MARRIOTT HOTELS  800-627-7468  MD,35.15,2024-01
C076,CXMSY3PAUA3AIPJIYL,2024-01-15,2024-01-21,Credit,CREDIT ONE REWARD CREDIT    CREDIT,-1.25,2024-01
C076,H376ZUGFLDT8BEMC57,2024-01-31,2024-01-31,Fee,FOREIGN TRANSACTION FEE  LAS VEGAS  NV,1.0,2024-01
C077,SUSFH70M9OHDSRS8AN,2024-04-03,2024-04-03,Purchase,SQ *ENRICH AND EMPLOY  CA,0.81,2024-04
C077,Z1C25XNOFG7803G5DF,2024-04-05,2024-04-05,Purchase,UBER EATS  CA,25.31,2024-04
C077,ICDO5DIGXL9YSU51EP,2024-04-05,2024-04-05,Purchase,UBER EATS  CA,8.44,2024-04
C077,02W29AW4IOAR4G58O9,2024-04-07,2024-04-07,Payment,AUTOPAY PAYMENT  LAS VEGAS  NV,-125.15,2024-04
C077,PJ7HME6P4NP00NQOHN,2024-04-10,2024-04-10,Purchase,STARBUCKS  WA,19.92,2024-04
C077,W6JL2L5B56BNVSFA6D,2024-04-10,2024-04-11,Purchase,MARRIOTT HOTELS  800-627-7468  MD,25.41,2024-04
C077,94TEVWLQ6EXNWZR04H,2024-04-16,2024-04-17,Purchase,AMAZON.COM  800-201-7575  WA,7.2,2024-04
C077,M84P4K9DXOQ8JXLFIU,2024-04-28,2024-04-28,Purchase,UBER  800-593-7069  CA,3.25,2024-04
C078,3EZEMQT788G35SFY1H,2024-01-08,2024-01-09,Purchase,7-ELEVEN  CA,6.53,2024-01
C078,88K686QE7AJUL7W8CO,2024-01-09,2024-01-09,Purchase,MARRIOTT HOTELS  800-627-7468  MD,21.01,2024-01
C078,WPGZ5RKSD085I4RZPC,2024-01-09,2024-01-09,Payment,PHONE PAYMENT  LAS VEGAS  NV,-130.05,2024-01
C078,2UTBTTY9GFYW4I7ZT8,2024-01-17,2024-01-19,Purchase,WALGREENS  800-925-4733  IL,7.5,2024-01
C078,EK17M6J3RTXYMSCNX8,2024-01-18,2024-01-19,Purchase,AT&T WIRELESS  800-331-0500  TX,11.2,2024-01
C078,AELDWQXKE0QC96MJ9N,2024-01-25,2024-01-26,Purchase,WALGREENS  800-925-4733  IL,29.52,2024-01
C078,138I2XOG4C8J6E07FP,2024-01-27,2024-01-27,Purchase,DOORDASH  855-431-0459  CA,26.27,2024-01
C079,4I3DZXLRGNJZM3618L,2023-09-04,2023-09-07,Credit,CREDIT ONE REWARD CREDIT    CREDIT,-0.84,2023-09
C079,QBQ9J2H1TLOM344MW0,2023-09-14,2023-09-14,Payment,AUTOPAY PAYMENT  LAS VEGAS  NV,-90.97,2023-09
C079,5YBD4XDD8IUZV3ZBXP,2023-09-20,2023-09-22,Purchase,VERIZON WIRELESS  800-922-0204  NJ,4.65,2023-09
C079,06XLYJMAZRVHPJ93RV,2023-09-27,2023-09-29,Purchase,GOOGLE PLAY  CA,75.72,2023-09
C079,BO20P6HGWLKOBQ6MYM,2023-09-28,2023-09-30,Purchase,LYFT  844-250-2773  CA,33.13,2023-09
C080,QTYLU58FTYLAVZME9W,2023-11-07,2023-11-09,Purchase,DOMINO'S PIZZA  MI,3.01,2023-11
C080,ITE92SRL3VZZXT9QUB,2023-11-11,2023-11-13,Purchase,CVS PHARMACY  800-746-7287  RI,52.86,2023-11
C080,TUO4UW590Z92JN67LM,2023-11-14,2023-11-16,Purchase,UBER  800-593-7069  CA,14.08,2023-11
C080,MZ5RGOI9WM1SAV9CNG,2023-11-15,2023-11-15,Payment,INTERNET PAYMENT  LAS VEGAS  NV,-296.47,2023-11
C080,P8GUUCM5FYCZU80ZRZ,2023-11-16,2023-11-18,Purchase,VERIZON WIRELESS  800-922-0204  NJ,10.45,2023-11
C080,8LI3IF9AIZH5P3FK84,2023-11-20,2023-11-22,Purchase,GOOGLE PLAY  CA,19.28,2023-11
C080,U1TOZHDV5OJZTO7D83,2023-11-23,2023-11-25,Purchase,SUNOCO GAS STATION  PA,1.43,2023-11
C080,0IV1GGXRED8U8NOZEM,2023-11-24,2023-11-24,Purchase,VERIZON WIRELESS  800-922-0204  NJ,3.73,2023-11
C080,8TANA6U48GWGHM56VU,2023-11-29,2023-11-15,Credit,CREDIT ONE REWARD CREDIT    CREDIT,-0.84,2023-11
C081,3N4BFIY5PU5WH50JYO,2024-04-06,2024-04-07,Purchase,WALGREENS  800-925-4733  IL,0.61,2024-04
C081,PN0P1XS910BAF4JGQ6,2024-04-08,2024-04-08,Cash Advance,CASH ADVANCE ATM NEW YORK NY,52.63,2024-04
C081,3RVWOZQXIWE6RGL7JY,2024-04-09,2024-04-09,Purchase,UBER  800-593-7069  CA,14.0,2024-04
C081,K4J1O5HD4HSBREBNDY,2024-04-10,2024-04-12,Purchase,WALGREENS  800-925-4733  IL,9.94,2024-04
C081,3QW752E77DYVGDGFWM,2024-04-17,2024-04-17,Purchase,AMC THEATERS  888-440-4262  KS,11.63,2024-04
C081,SYBHQGHLZRUWBN6EK6,2024-04-17,2024-04-17,Purchase,URGENT CARE CENTER  CA,9.8,2024-04
C081,27YCIF8R2BC9R4X1V4,2024-04-18,2024-04-19,Purchase,EXPEDIA  800-397-3342  WA,7.81,2024-04
C081,N8SIWMZAP4VKFTLECS,2024-04-18,2024-04-18,Payment,INTERNET PAYMENT  LAS VEGAS  NV,-92.61,2024-04
C081,6UZS1XKE1KWONRRLRN,2024-04-21,2024-04-22,Purchase,EBAY INC  866-540-3229  CA,0.87,2024-04
C081,ZSB8LV6TX0TBKG8B35,2024-04-25,2024-04-27,Purchase,HILTON HOTELS  800-445-8667  VA,0.71,2024-04
C081,WG7NFDINU31EIWUCX6,2024-04-30,2024-04-30,Fee,EXPRESS PAYMENT FEE  LAS VEGAS  NV,4.21,2024-04
C082,DB5RR1V9NPUQARYMMD,2023-11-05,2023-11-06,Purchase,EBAY INC  866-540-3229  CA,42.84,2023-11
C082,GH5XW6T1OXHFDXK31W,2023-11-07,2023-11-09,Purchase,STARBUCKS  WA,62.84,2023-11
C082,TFNSGPYNYJ0UFO2HOQ,2023-11-07,2023-11-08,Purchase,WALMART SUPERCENTER  TX,6.83,2023-11
C082,GWY7D78HWK22M9RWV9,2023-11-08,2023-11-08,Payment,PHONE PAYMENT  LAS VEGAS  NV,-154.72,2023-11
C082,WQ0YWM9Q7FTMFWG895,2023-11-10,2023-11-12,Purchase,WALGREENS  800-925-4733  IL,1.24,2023-11
C082,FQZTIO4M7PP0PNNLO0,2023-11-14,2023-11-15,Purchase,SHELL OIL  TX,1.29,2023-11
C082,L7W05Y2DA5B4L6HFH4,2023-11-25,2023-11-26,Purchase,AMC THEATERS  888-440-4262  KS,6.74,2023-11
C082,V3RZKDU6FOTWFTQ9Y6,2023-11-30,2023-12-01,Purchase,SUNOCO GAS STATION  PA,24.4,2023-11
C083,656AE1IGCUIDC00M6C,2024-04-03,2024-04-05,Purchase,EXPEDIA  800-397-3342  WA,10.23,2024-04
C083,KS6R6BILQPB01QCTE9,2024-04-07,2024-04-09,Purchase,GOOGLE PLAY  CA,92.52,2024-04
C083,O4KOXHJMIA6YKFCR6C,2024-04-11,2024-04-11,Payment,AUTOPAY PAYMENT  LAS VEGAS  NV,-165.25,2024-04
C083,1PY6Q9YL16ZV8U0LM3,2024-04-12,2024-04-16,Credit,CREDIT ONE REWARD CREDIT    CREDIT,-2.5,2024-04
C083,VGKY5CGAGHFT9ZZCGL,2024-04-23,2024-04-24,Purchase,AMC THEATERS  888-440-4262  KS,32.54,2024-04
C083,AN6NBYZM242OM7ZTRJ,2024-04-24,2024-04-26,Purchase,NETFLIX  866-579-7172  CA,30.34,2024-04
C083,WLXWCE77GZDPYHZNWG,2024-04-28,2024-04-29,Purchase,CREDIT PROTECT  1-877-825-3242  NV,1.89,2024-04
C084,9GVBMQQ749Q6QF1PAF,2024-01-11,2024-01-13,Purchase,APPLE ITUNES  800-275-2273  CA,5.9,2024-01
C084,2Z682U6ZV3IU6L5NFL,2024-01-11,2024-01-13,Purchase,SUNOCO GAS STATION  PA,4.9,2024-01
C084,P4RXMD8ZVFSRHR8WML,2024-01-16,2024-01-17,Purchase,CREDIT PROTECT  1-877-825-3242  NV,17.1,2024-01
C084,VTMNYEURANI8Y66W6R,2024-01-20,2024-01-20,Purchase,VERIZON WIRELESS  800-922-0204  NJ,0.85,2024-01
C084,V68JQ12JF4CIWL3RFJ,2024-01-20,2024-01-20,Payment,MOBILE PAYMENT  LAS VEGAS  NV,-291.82,2024-01
C084,FNP36F8HARJHRF34JG,2024-01-28,2024-01-30,Purchase,EXXON MOBIL  TX,3.98,2024-01
C085,4IBHIF5SL1YA1RYZTB,2024-04-02,2024-04-04,Purchase,NETFLIX  866-579-7172  CA,11.35,2024-04
C085,Q6FWTV1DJJZQFE8E5T,2024-04-03,2024-04-04,Purchase,WALGREENS  800-925-4733  IL,57.39,2024-04
C085,9MO1RTSXOF33QE6JIX,2024-04-03,2024-04-04,Purchase,STARBUCKS  WA,11.48,2024-04
C085,NAPLGW1XL1BS0ZR7FD,2024-04-11,2024-04-13,Purchase,CHEVRON  CA,5.26,2024-04
C085,IRMC5S3OFAWWJNN41J,2024-04-12,2024-04-12,Payment,INTERNET PAYMENT  LAS VEGAS  NV,-391.92,2024-04
C085,H3G7VKC5SSINZ4KHKB,2024-04-20,2024-04-22,Purchase,HILTON HOTELS  800-445-8667  VA,1.04,2024-04
C085,H6OXQQ8Y1HEND7H10K,2024-04-23,2024-04-22,Credit,CREDIT ONE REWARD CREDIT    CREDIT,-2.5,2024-04
C086,BWU5JSLHGMRZZQO17R,2023-10-12,2023-10-13,Purchase,AT&T WIRELESS  800-331-0500  TX,21.4,2023-10
C086,2AJ5IQAX54P8RI4BNV,2023-10-12,2023-10-12,Payment,MOBILE PAYMENT  LAS VEGAS  NV,-89.35,2023-10
C086,A16KJ752H70YB7RADI,2023-10-14,2023-10-16,Purchase,TARGET  MN,17.88,2023-10
C086,JAUCYHONBPQGA6X85Z,2023-10-23,2023-10-25,Purchase,STEAM GAMES  WA,66.89,2023-10
C086,4IW54W487KNUFBHGP5,2023-10-26,2023-10-28,Purchase,AT&T WIRELESS  800-331-0500  TX,27.99,2023-10
C087,KH3YCQE8XAVMNKW7WV,2023-07-01,2023-07-01,Purchase,EMPIRE GAS AND FOOD  CA,73.76,2023-07
C087,DI3WDNMVQLTZQWDYVY,2023-07-01,2023-07-30,Credit,CREDIT ONE REWARD CREDIT    CREDIT,-1.25,2023-07
C087,RMJR211PV58Y9N81DJ,2023-07-07,2023-07-07,Payment,MOBILE PAYMENT  LAS VEGAS  NV,-396.51,2023-07
C087,XQTY6M79FMW04U923O,2023-07-11,2023-07-12,Purchase,CHEVRON  CA,7.51,2023-07
C087,N60TLXOUN91FY6YO8D,2023-07-18,2023-07-18,Purchase,APPLE ITUNES  800-275-2273  CA,10.49,2023-07
C087,IXFY1Z682R6ZL1KHW8,2023-07-23,2023-07-23,Purchase,EXXON MOBIL  TX,5.65,2023-07
C087,9TSUJT70Y2RL4N7S3H,2023-07-29,2023-07-29,Purchase,APPLE ITUNES  800-275-2273  CA,45.32,2023-07
C088,1361BGMY4IQZ6DF08U,2023-07-01,2023-07-02,Purchase,MARRIOTT HOTELS  800-627-7468  MD,11.42,2023-07
C088,GHXTUR8XUEBHK0ONSA,2023-07-03,2023-07-05,Purchase,WALMART SUPERCENTER  TX,25.52,2023-07
C088,TK3LIRHXRHGTW4CY4F,2023-07-09,2023-07-11,Purchase,CREDIT PROTECT  1-877-825-3242  NV,4.16,2023-07
C088,PZ6NTPBPZCD5XRSI7E,2023-07-12,2023-07-14,Purchase,UBER  800-593-7069  CA,3.86,2023-07
C088,QZN7XBVZR6KFKLDF4H,2023-07-17,2023-07-17,Purchase,DELTA AIR LINES  800-221-1212  GA,18.03,2023-07
C088,S9UI14NIJCP52AY7OV,2023-07-21,2023-07-21,Payment,INTERNET PAYMENT  LAS VEGAS  NV,-203.32,2023-07
C089,YZTHQSE0KIVWM53NOZ,2024-02-07,2024-02-09,Purchase,GOOGLE PLAY  CA,3.82,2024-02
C089,V74QR14VUYV2EMY9TW,2024-02-10,2024-02-12,Purchase,WALGREENS  800-925-4733  IL,2.38,2024-02
C089,8SO5WISRCVPUZ11BJK,2024-02-16,2024-02-18,Purchase,CVS PHARMACY  800-746-7287  RI,11.19,2024-02
C089,FVJ839AG77Q9VJUHBP,2024-02-16,2024-02-16,Payment,MOBILE PAYMENT  LAS VEGAS  NV,-129.86,2024-02
C089,75VI7LIG9GMYKVYGW2,2024-02-21,2024-02-22,Purchase,TARGET  MN,3.19,2024-02
C090,IOIV67KAYP44QI4OPF,2024-04-04,2024-04-04,Purchase,EXXON MOBIL  TX,6.8,2024-04
C090,SJFFP5GOFC5WU2550K,2024-04-08,2024-04-08,Payment,PHONE PAYMENT  LAS VEGAS  NV,-231.01,2024-04
C090,PIWUJT4FTLH33HW8D0,2024-04-09,2024-04-10,Purchase,CREDIT PROTECT  1-877-825-3242  NV,7.65,2024-04
C090,MJ6JFHVSTHBNBIZFWT,2024-04-09,2024-04-09,Cash Advance,CASH ADVANCE ATM HOUSTON TX,97.58,2024-04
C090,QPGA8VC1J2T2TNGTG2,2024-04-11,2024-04-28,Credit,CREDIT ONE REWARD CREDIT    CREDIT,-1.25,2024-04
C090,JZ6N58YUXCZAUMAPQP,2024-04-12,2024-04-13,Purchase,CHIPOTLE MEXICAN GRILL  CO,2.55,2024-04
C090,NEGN2B4JTJ27YH6UAM,2024-04-16,2024-04-17,Purchase,NETFLIX  866-579-7172  CA,4.69,2024-04
C090,A1HYP5MASNPHFC4YGO,2024-04-25,2024-04-26,Purchase,LYFT  844-250-2773  CA,17.92,2024-04
C090,1SASCEBFE54UKIGDIX,2024-04-30,2024-04-30,Fee,LATE PAYMENT FEE  LAS VEGAS  NV,7.81,2024-04
C091,6JOZNHE8IFXDNM655C,2023-12-01,2023-12-01,Purchase,MCDONALD'S  IL,11.38,2023-12
C091,KTR1T05QXS2U4OJ7G4,2023-12-05,2023-12-05,Purchase,BEST BUY  888-237-8289  MN,56.2,2023-12
C091,VNKVONNLHAPWF520XK,2023-12-07,2023-12-07,Purchase,EMPIRE GAS AND FOOD  CA,41.34,2023-12
C091,MWMLN2V51PSXT0S9F3,2023-12-11,2023-12-22,Credit,CREDIT ONE REWARD CREDIT    CREDIT,-1.25,2023-12
C091,3TB94CLLSAD0UCSWNQ,2023-12-17,2023-12-17,Payment,PHONE PAYMENT  LAS VEGAS  NV,-391.29,2023-12
C092,2ATRD83X9AGE9NY3MU,2023-08-03,2023-08-03,Purchase,AMAZON.COM  800-201-7575  WA,17.11,2023-08
C092,QZBC5F9E0KLLIRO7YY,2023-08-13,2023-08-13,Payment,AUTOPAY PAYMENT  LAS VEGAS  NV,-168.53,2023-08
C092,Y4VY32I3PJ7K99BV2J,2023-08-17,2023-08-17,Purchase,BP GAS STATION  IL,4.07,2023-08
C092,4H8QFDTN0PLCFR7CL6,2023-08-18,2023-08-18,Purchase,AMC THEATERS  888-440-4262  KS,12.17,2023-08
C092,SRIKOMFRQ8LX3P724X,2023-08-21,2023-08-23,Purchase,CHEVRON  CA,71.58,2023-08
C092,JF6DNOBK8HUP3FTJ6A,2023-08-24,2023-08-26,Purchase,EXPEDIA  800-397-3342  WA,18.9,2023-08
C092,FRB7EI5R8VO4KVFFLN,2023-08-27,2023-08-28,Purchase,UBER  800-593-7069  CA,8.51,2023-08
C092,JRCQ97RCQ6W948JU63,2023-08-28,2023-08-28,Purchase,WALMART SUPERCENTER  TX,6.35,2023-08
C092,LBU9W3GGO9DVWS3KCV,2023-08-29,2023-08-30,Purchase,WALMART SUPERCENTER  TX,1.58,2023-08
C093,6JJTB8QOP82J3TPS82,2023-10-08,2023-10-10,Purchase,COSTCO WHOLESALE  WA,8.36,2023-10
C093,FMSYG91MMO1DS3HGW1,2023-10-08,2023-10-08,Payment,INTERNET PAYMENT  LAS VEGAS  NV,-40.36,2023-10
C093,XYO6HFD7LTTC954AI2,2023-10-09,2023-10-09,Purchase,URGENT CARE CENTER  CA,0.88,2023-10
C093,5G5FJD5MBFSRKHGBAM,2023-10-11,2023-10-13,Purchase,EXPEDIA  800-397-3342  WA,5.96,2023-10
C093,AR3SHLX0ST69WWP82Q,2023-10-12,2023-10-13,Purchase,SUNOCO GAS STATION  PA,3.82,2023-10
C093,T1BLOW2R576VILVQKX,2023-10-18,2023-10-19,Purchase,URGENT CARE CENTER  CA,1.84,2023-10
C093,XRUTT247O0GXAPLIRD,2023-10-25,2023-10-27,Purchase,WALGREENS  800-925-4733  IL,5.74,2023-10
C093,HRBFGCB4JGRXOZLEL8,2023-10-30,2023-11-01,Purchase,AT&T WIRELESS  800-331-0500  TX,21.3,2023-10
C093,EQE12QEYKC2MNG806W,2023-10-31,2023-10-31,Purchase,GOOGLE PLAY  CA,12.02,2023-10
C094,VUEER90MWB4LL3K4BK,2023-12-05,2023-12-05,Purchase,DELTA AIR LINES  800-221-1212  GA,26.33,2023-12
C094,KE9OUJW6ZJVAEV0YU3,2023-12-07,2023-12-09,Purchase,WALGREENS  800-925-4733  IL,17.7,2023-12
C094,GH2IJ4TT43TUYKTK61,2023-12-11,2023-12-11,Purchase,BP GAS STATION  IL,8.37,2023-12
C094,LOXYPHWHM54XR8PJPF,2023-12-17,2023-12-17,Payment,INTERNET PAYMENT  LAS VEGAS  NV,-161.43,2023-12
C094,472UQLN6BGUAXNM0AL,2023-12-24,2023-12-24,Purchase,CVS PHARMACY  800-746-7287  RI,15.22,2023-12
C094,9K499NR0OAKGDESVDE,2023-12-27,2023-12-28,Purchase,SUBWAY  CT,11.39,2023-12
C094,240SHDKKG1R1CQKIH5,2023-12-27,2023-12-16,Credit,CREDIT ONE REWARD CREDIT    CREDIT,-0.84,2023-12
C094,WAHZG85S9ASJ21GTCH,2023-12-28,2023-12-28,Purchase,CREDIT PROTECT  1-877-825-3242  NV,23.76,2023-12
C094,DL0ED8A6B3ODF76IMG,2023-12-30,2023-12-31,Purchase,TARGET  MN,4.77,2023-12
C094,YEB900YEH8UXZ3ADHF,2023-12-31,2023-12-31,Cash Advance,CASH ADVANCE ATM NEW YORK NY,90.0,2023-12
C094,JRPE2XN9TXFJNJD5SL,2023-12-31,2023-12-31,Fee,OVER LIMIT FEE  LAS VEGAS  NV,7.2,2023-12
C095,0ZPZJHO4VUDQHIBMQI,2023-09-06,2023-09-06,Purchase,MARRIOTT HOTELS  800-627-7468  MD,14.98,2023-09
C095,0HHEQXIEE6HW5KYFC6,2023-09-07,2023-09-07,Payment,AUTOPAY PAYMENT  LAS VEGAS  NV,-295.15,2023-09
C095,8ACUEOBQT0D9TZHHNB,2023-09-08,2023-09-09,Purchase,EXXON MOBIL  TX,39.3,2023-09
C095,9X66D7WDJV07IRJG10,2023-09-14,2023-09-14,Purchase,HOWLY.COM  877-7793675  DE,1.47,2023-09
C095,IK31YUW2TGRTFA11PM,2023-09-19,2023-09-19,Purchase,AMAZON.COM  800-201-7575  WA,4.25,2023-09
C095,25DSIUAZ71UF09UYG3,2023-09-27,2023-09-27,Purchase,APPLE ITUNES  800-275-2273  CA,8.12,2023-09
C096,EB0T4UOXZ3BG52IB4T,2024-01-04,2024-01-06,Purchase,STEAM GAMES  WA,31.43,2024-01
C096,BG4PDFCOPZFZZ5T6V8,2024-01-06,2024-01-07,Purchase,DELTA AIR LINES  800-221-1212  GA,8.16,2024-01
C096,G1S2LQSQBBX5NWD0JF,2024-01-10,2024-01-10,Payment,INTERNET PAYMENT  LAS VEGAS  NV,-61.78,2024-01
C096,Y9MBAAXA3BL13VCG8D,2024-01-15,2024-01-15,Purchase,GOOGLE PLAY  CA,10.77,2024-01
C096,DSDJT3BR4F2ZDFPPWC,2024-01-18,2024-01-20,Purchase,WALMART SUPERCENTER  TX,31.02,2024-01
C096,CW8AFMNE6X1JD3VURR,2024-01-21,2024-01-22,Purchase,STEAM GAMES  WA,9.12,2024-01
C096,F9TU8PV2KJH01AONT7,2024-01-29,2024-01-30,Purchase,AT&T WIRELESS  800-331-0500  TX,59.65,2024-01
C097,04PD8JQBO8WF8NK5G2,2023-07-05,2023-07-06,Purchase,EXPEDIA  800-397-3342  WA,53.2,2023-07
C097,I54087WS1LOQSOT56A,2023-07-06,2023-07-07,Credit,CREDIT ONE REWARD CREDIT    CREDIT,-1.25,2023-07
C097,FJILXN32NBZWBHO4UW,2023-07-08,2023-07-09,Purchase,NETFLIX  866-579-7172  CA,2.08,2023-07
C097,OHFDDVSZ2TVHVWHHOL,2023-07-09,2023-07-09,Payment,PHONE PAYMENT  LAS VEGAS  NV,-263.53,2023-07
C097,TGG50YQL25S8T6AIDI,2023-07-12,2023-07-13,Purchase,URGENT CARE CENTER  CA,37.07,2023-07
C097,SN1TCJFCZWKGUY0OFI,2023-07-16,2023-07-16,Purchase,VERIZON WIRELESS  800-922-0204  NJ,10.91,2023-07
C097,284SEC275JT660J08X,2023-07-25,2023-07-27,Purchase,SQ *ENRICH AND EMPLOY  CA,13.02,2023-07
C097,9L9Q3CYBYC4I6H1M3J,2023-07-27,2023-07-27,Cash Advance,CASH ADVANCE ATM LOS ANGELES CA,68.36,2023-07
C097,A3VMOT4SAYMWR03V86,2023-07-31,2023-07-31,Fee,RETURNED PAYMENT FEE  LAS VEGAS  NV,5.47,2023-07
C098,N2ECLCES1KTIOR4V1O,2023-08-07,2023-08-08,Purchase,CREDIT PROTECT  1-877-825-3242  NV,10.82,2023-08
C098,L0DGH6M3SGUR4PU6W9,2023-08-08,2023-08-08,Payment,MOBILE PAYMENT  LAS VEGAS  NV,-454.05,2023-08
C098,80SD0P4775B5NOV31N,2023-08-14,2023-08-15,Purchase,UBER  800-593-7069  CA,38.66,2023-08
C098,3K8EKT292MI560TOHX,2023-08-20,2023-08-24,Credit,CREDIT ONE REWARD CREDIT    CREDIT,-1.25,2023-08
C098,VSCQMPD7Z4KSO03W2M,2023-08-31,2023-08-31,Purchase,MCDONALD'S  IL,19.56,2023-08
C099,ASLW9HGGG23KF8OU7O,2023-12-04,2023-12-05,Purchase,SUNOCO GAS STATION  PA,21.14,2023-12
C099,493685EFZVMT4FVMYP,2023-12-06,2023-12-06,Payment,AUTOPAY PAYMENT  LAS VEGAS  NV,-233.66,2023-12
C099,ROE19BP0L70SHYVNI8,2023-12-18,2023-12-18,Cash Advance,CASH ADVANCE ATM NEW YORK NY,73.55,2023-12
C099,QYVBNUZ2KGA99UF1ZW,2023-12-22,2023-12-23,Purchase,AMAZON.COM  800-201-7575  WA,66.88,2023-12
C099,UN2KTVV0Y9Q6KTNN8I,2023-12-25,2023-12-27,Purchase,WALGREENS  800-925-4733  IL,10.03,2023-12
C099,DTUMW7HU3D3513LM7E,2023-12-31,2023-12-31,Fee,CREDIT PROTECT  1-877-825-3242,1.01,2023-12
C099,GJTI2LSWBB8RIA4PO5,2023-12-31,2023-12-31,Fee,RETURNED PAYMENT FEE  LAS VEGAS  NV,4.87,2023-12
C100,20RWRNBFZV1JOSTCHH,2024-03-01,2024-03-03,Purchase,CHIPOTLE MEXICAN GRILL  CO,22.48,2024-03
C100,78LZGM8DTCA46FDVAE,2024-03-03,2024-03-03,Cash Advance,CASH ADVANCE ATM LOS ANGELES CA,32.98,2024-03
C100,8XWBNWJ6PVOC7501OE,2024-03-07,2024-03-09,Purchase,STEAM GAMES  WA,74.3,2024-03
C100,39LQT9NGQ6TLV0GUB5,2024-03-13,2024-03-13,Payment,MOBILE PAYMENT  LAS VEGAS  NV,-38.96,2024-03
C100,SCY3M84BCTWKKV4LQ1,2024-03-27,2024-03-28,Purchase,AMAZON.COM  800-201-7575  WA,3.34,2024-03
C100,S9DJ9IHJDQDFQ2YGGA,2024-03-31,2024-03-31,Fee,CREDIT PROTECT  1-877-825-3242,1.01,2024-03
C100,X56V3DGS9GT0R0VIP3,2024-03-31,2024-03-31,Fee,LATE PAYMENT FEE  LAS VEGAS  NV,1.63,2024-03
