customer_id,statement_month,previous_balance,payment_amount,purchases_amount,cash_advances,interest_charged,fees_charged,new_balance,credit_limit,current_balance,utilization_rate,delinquency_status,days_past_due,bureau_score,age,income,payment_on_time_flag,payment_on_time_avg_3m,payment_on_time_avg_6m,utilization_volatility_3m,utilization_volatility_6m,bureau_score_6m_avg,bureau_score_deviation,spend_last_30_days,spend_mom_change,cash_advance_to_purchase_ratio,normalized_purchase_frequency,total_spend,total_purchase_amount,trans_count,geography_region_enc,employment_status_enc,month_idx,utilization_lag_1m,utilization_lag_2m,utilization_lag_3m,utilization_lag_4m,utilization_lag_5m,utilization_lag_6m,bureau_lag_1m,bureau_lag_2m,bureau_lag_3m,bureau_lag_4m,bureau_lag_5m,bureau_lag_6m,purchases_to_limit,balance_to_limit,payment_to_balance,fees_to_balance,interest_to_balance,income_to_limit,age_bucket,high_util_flag,dpd_flag,default_flag
C001,2025-12-01,74392.69,59868.28,33704.4,287.58,4663.12,78.83,53258.34,210036.1,53258.34,0.2536,0,0,714,31,58689.02,0,0.0,0.0,0.0729020118606704,0.07414288008073779,727.8333333333334,-13.833333333333371,33991.98,-0.04855874422667761,0.008532417132481217,1.0,550646.72,523177.49,12,2,0,12,0.2286,0.3655,0.284,0.2206,0.3989,0.2618,722.0,714.0,729.0,739.0,749.0,751.0,0.1604687933703141,0.25356634613599216,0.8047494350663342,0.0014801159759020672,0.08755497157869399,0.2794221592280602,3,0,0,0
C002,2025-12-01,52446.32,50559.2,38718.33,1400.93,1908.7,189.63,44104.71,151748.17,44104.71,0.2906,0,0,664,26,110894.89,1,0.6666666666666666,0.3333333333333333,0.010402563786554367,0.052390167652591725,675.8333333333334,-11.833333333333371,40119.26,-0.051763735439093184,0.036182603950118714,1.0,408807.02,385854.92,12,2,0,12,0.2286,0.3655,0.284,0.2206,0.3989,0.2618,722.0,714.0,729.0,739.0,749.0,751.0,0.2551468980028029,0.29064218275460746,0.9639996857799407,0.004299443314709139,0.043275575883485386,0.7307775719629965,2,0,0,0
C003,2025-12-01,75738.32,54758.99,26126.41,7465.47,3687.89,129.48,58388.58,175248.4,58388.58,0.3332,0,0,625,27,73471.03,0,0.0,0.0,0.052924694929053134,0.12145133456107696,603.6666666666666,21.33333333333337,33591.88,-0.0851505835753551,0.28574419524152,1.0,531321.01,465543.67,12,4,0,12,0.2286,0.3655,0.284,0.2206,0.3989,0.2618,722.0,714.0,729.0,739.0,749.0,751.0,0.14908130926553814,0.3331742077290992,0.7229928919351268,0.002217518947730057,0.06316007068384462,0.4192369845488772,2,0,0,0
C004,2025-12-01,10333.88,6254.53,5376.13,1015.82,344.29,284.63,11100.22,25000.0,11100.22,0.444,0,0,638,26,132647.85,0,0.0,0.0,0.08798050920516429,0.10457597078997961,666.6666666666666,-28.66666666666663,6391.95,-0.14798424451657188,0.18895004399075171,1.0,69431.42,62881.840000000004,12,0,0,12,0.2286,0.3655,0.284,0.2206,0.3989,0.2618,722.0,714.0,729.0,739.0,749.0,751.0,0.21503659853605855,0.44399104035838566,0.605186514018547,0.0256395243045359,0.03101370840322055,5.305701771929123,2,0,0,0
C005,2025-12-01,54101.5,43057.68,10752.23,2317.43,2443.6,214.05,26771.14,126544.67,26771.14,0.2116,0,0,643,44,78484.97,0,0.0,0.0,0.14971937082421896,0.11419262235363545,624.6666666666666,18.33333333333337,13069.66,-0.5839760068551842,0.21553017374070307,1.0,339053.44,300130.68,12,0,2,12,0.2286,0.3655,0.284,0.2206,0.3989,0.2618,722.0,714.0,729.0,739.0,749.0,751.0,0.08496719010614903,0.21155318866303366,0.7958537960353034,0.00799525178039559,0.09127398855676087,0.620210632256323,4,0,0,0
C006,2025-12-01,24894.17,17642.34,8634.82,943.36,1262.18,395.85,18488.04,57492.19,18488.04,0.3216,0,0,720,44,29585.48,0,0.0,0.0,0.1181011007569363,0.10790037380225645,720.1666666666666,-0.16666666666662877,9578.18,-0.41873203674214465,0.10925068501717465,1.0,159581.29,135831.57,12,4,3,12,0.2286,0.3655,0.284,0.2206,0.3989,0.2618,722.0,714.0,729.0,739.0,749.0,751.0,0.15018857015935277,0.3215692154149039,0.7086651748110177,0.021409981264576203,0.06826638916893468,0.5145910324335804,4,0,0,1
C007,2025-12-01,23144.07,17267.56,23520.61,2643.7,2054.05,169.06,34263.94,87406.69,34263.94,0.392,0,0,555,49,65293.48,0,0.0,0.0,0.0758126858337926,0.07036660192638752,564.8333333333334,-9.833333333333371,26164.31,2.0588366644531946,0.11239929576656386,1.0,241127.01,223913.11,12,2,1,12,0.2286,0.3655,0.284,0.2206,0.3989,0.2618,722.0,714.0,729.0,739.0,749.0,751.0,0.2690908545918557,0.3920014360292556,0.7460577997819838,0.004933906202666632,0.059946114016251016,0.7469992628795018,4,0,0,0
C008,2025-12-01,32615.19,24149.81,7621.28,288.92,1363.15,212.68,17951.4,99754.71,17951.4,0.18,0,0,727,64,76727.93,0,0.0,0.0,0.08855830471126538,0.07559501085830105,723.8333333333334,3.1666666666666288,7910.2,-0.7157757365569994,0.0379096424747549,1.0,256403.5,238440.08000000002,12,1,3,12,0.2286,0.3655,0.284,0.2206,0.3989,0.2618,722.0,714.0,729.0,739.0,749.0,751.0,0.07639943618265059,0.17995360867062146,0.7404240041525391,0.01184688398208596,0.07593135179697422,0.7691582767542829,6,0,0,0
C009,2025-12-01,68570.11,38640.16,29966.53,6022.72,2288.99,320.14,68528.33,150481.33,68528.33,0.4554,0,0,697,67,102524.46,0,0.0,0.0,0.1027416825506247,0.06857651687470472,685.1666666666666,11.833333333333371,35989.25,4.21571238927793,0.20098156176240628,1.0,384679.94,343227.72,12,3,1,12,0.2286,0.3655,0.284,0.2206,0.3989,0.2618,722.0,714.0,729.0,739.0,749.0,751.0,0.19913653649568028,0.4553912077251861,0.5635049512834196,0.004671576389262816,0.033401610668016155,0.6813056390075832,6,0,0,0
C010,2025-12-01,39298.19,35339.65,26082.42,2.27,2299.05,223.89,32566.18,106986.99,32566.18,0.3044,0,0,635,66,64241.0,0,0.0,0.0,0.026533814903502987,0.06824161242721813,644.6666666666666,-9.666666666666629,26084.69,0.28305637153150087,8.703180149694699e-05,1.0,329579.52,301825.82,12,2,3,12,0.2286,0.3655,0.284,0.2206,0.3989,0.2618,722.0,714.0,729.0,739.0,749.0,751.0,0.24378829810710526,0.3043909881847486,0.899246269452373,0.006874712517325725,0.07059407661332667,0.6004505739382523,6,0,0,1
C011,2025-12-01,10030.15,8245.57,8476.31,1013.72,742.61,149.85,12167.06,29413.95,12167.06,0.4136,1,19,682,49,86915.87,0,0.0,0.16666666666666666,0.03307813981065649,0.08514309719525125,691.6666666666666,-9.666666666666629,9490.029999999999,-0.011251278909608642,0.11959449335854871,1.0,94424.64,88667.5,12,1,1,12,0.2286,0.3655,0.284,0.2206,0.3989,0.2618,722.0,714.0,729.0,739.0,749.0,751.0,0.288163331911154,0.41363524330315027,0.821996480961804,0.012315028032406151,0.06102944923019775,2.9548195730402393,4,0,1,0
C012,2025-12-01,91787.58,63083.9,74901.88,936.8,4831.73,202.54,109576.63,245489.49,109576.63,0.4464,1,28,702,33,88520.15,0,0.0,0.0,0.043477043751080156,0.060223807584708466,720.3333333333334,-18.33333333333337,75838.68000000001,0.27061718656935607,0.012507029196062901,1.0,696694.23,616739.0,12,2,3,12,0.2286,0.3655,0.284,0.2206,0.3989,0.2618,722.0,714.0,729.0,739.0,749.0,751.0,0.30511112670800405,0.446357942419684,0.6872739506374322,0.0018483699638329465,0.044094127606154644,0.36058484383651684,3,0,1,0
C013,2025-12-01,105828.42,55080.35,34258.83,6527.97,1463.28,287.36,93285.5,196043.72,93285.5,0.4758,1,49,751,68,90106.72,0,0.0,0.0,0.10757863790424824,0.13385977239883037,745.3333333333334,5.666666666666629,40786.8,0.5625120913599213,0.19054853887304382,1.0,505928.32999999996,439659.91000000003,12,2,3,12,0.3114,0.3006,0.4296,0.3066,0.3527,0.268,667.0,677.0,687.0,660.0,700.0,701.0,0.17475007743131263,0.47583785985156857,0.520463496823473,0.0030804028449990086,0.01568587094595681,0.4596232941137104,6,0,1,1
C014,2025-12-01,76869.4,59743.51,35085.6,5438.53,3983.33,265.73,61899.08,166823.3,61899.08,0.371,0,0,571,39,42567.09,0,0.0,0.0,0.0879776297324117,0.08181590717376827,566.0,5.0,40524.13,0.09362494052738524,0.15500746745103405,1.0,444540.56,394216.23,12,2,3,12,0.3114,0.3006,0.4296,0.3066,0.3527,0.268,667.0,677.0,687.0,660.0,700.0,701.0,0.21031468437152143,0.37104354701323494,0.7771978550911666,0.004292886212748029,0.06435096691312837,0.2551612085289733,3,0,0,0
C015,2025-12-01,86342.35,57445.56,27176.66,1665.48,3000.16,286.86,61025.96,161675.06,61025.96,0.3775,0,0,622,28,65160.91,0,0.0,0.0,0.01472220545072492,0.028051910214220297,608.5,13.5,28842.14,-0.17625893938355375,0.061283468976688085,1.0,395751.25,367361.33,12,1,0,12,0.3114,0.3006,0.4296,0.3066,0.3527,0.268,667.0,677.0,687.0,660.0,700.0,701.0,0.16809328480666835,0.37745823345769314,0.6653153948740695,0.004700545463840899,0.049161223170873986,0.40303375774991057,2,0,0,0
C016,2025-12-01,45653.61,26891.9,30831.61,2164.97,1609.04,200.25,53567.58,110660.21,53567.58,0.4841,0,0,680,32,115486.57,0,0.0,0.0,0.09803113451007972,0.08334835331306788,672.6666666666666,7.333333333333371,32996.58,0.9784281018672303,0.07021916792538566,1.0,313237.70999999996,281079.88,12,2,3,12,0.3114,0.3006,0.4296,0.3066,0.3527,0.268,667.0,677.0,687.0,660.0,700.0,701.0,0.27861262315855756,0.4840682656551469,0.5890292349447296,0.0037381987724893957,0.030037010501305056,1.0436048006342964,3,0,0,0
C017,2025-12-01,58142.71,41258.05,32616.69,1903.05,3208.09,354.53,54967.01,173190.84,54967.01,0.3174,1,37,827,48,164727.75,0,0.0,0.0,0.10120950218894138,0.07105330393444066,803.3333333333334,23.66666666666663,34519.74,0.18881336109547964,0.05834589592015622,1.0,365072.32,325471.9,12,2,1,12,0.3114,0.3006,0.4296,0.3066,0.3527,0.268,667.0,677.0,687.0,660.0,700.0,701.0,0.18832694427173935,0.3173764422157534,0.7095875031022273,0.006449751409956445,0.05836285504969163,0.9511288176163496,4,0,1,0
C018,2025-12-01,53718.61,48161.94,34256.09,346.18,2264.88,220.6,42644.44,152483.78,42644.44,0.2797,0,0,737,47,74591.01,0,0.0,0.0,0.07161161451422057,0.11453379268437187,721.8333333333334,15.166666666666629,34602.27,-0.1675803436753488,0.010105648367925237,1.0,411461.08999999997,381644.02,12,2,3,12,0.3114,0.3006,0.4296,0.3066,0.3527,0.268,667.0,677.0,687.0,660.0,700.0,701.0,0.22465251941865932,0.279663583473708,0.8965429942622443,0.0051728860107903675,0.053109546999632315,0.4891701978387613,4,0,0,0
C019,2025-12-01,38084.88,23307.45,24740.3,1125.51,1346.16,290.44,42279.84,85637.87,42279.84,0.4937,0,0,773,66,152574.97,0,0.0,0.0,0.14263969760670883,0.12239705334143738,762.5,10.5,25865.809999999998,3.355598701359934,0.04549298108753734,1.0,224813.73,209196.67,12,1,1,12,0.3114,0.3006,0.4296,0.3066,0.3527,0.268,667.0,677.0,687.0,660.0,700.0,701.0,0.28889101409208223,0.49369918122460044,0.6119708931499024,0.006869305340196648,0.03183853490138796,1.7816088652267366,6,0,0,0
C020,2025-12-01,47574.32,31009.79,43641.51,3203.78,919.22,306.8,64635.84,151111.86,64635.84,0.4277,1,65,842,58,64009.83,0,0.0,0.0,0.04511064176001064,0.07023383087942735,823.6666666666666,18.33333333333337,46845.29,0.3307924053401816,0.07341130038809382,1.0,447183.75,394865.1,12,3,0,12,0.3114,0.3006,0.4296,0.3066,0.3527,0.268,667.0,677.0,687.0,660.0,700.0,701.0,0.28880076784993686,0.4277322260990891,0.6518041286952984,0.004746519167706837,0.014221301660167794,0.42358956080905363,5,0,1,0
C021,2025-12-01,60651.1,28650.07,38721.08,3553.45,2703.25,344.57,77323.39,147311.72,77323.39,0.5249,0,0,628,36,112462.73,0,0.0,0.0,0.0034588051886905464,0.11787194181257335,597.5,30.5,42274.53,0.05596093138413227,0.0917704258248995,1.0,399477.88,359768.98,12,2,1,12,0.3114,0.3006,0.4296,0.3066,0.3527,0.268,667.0,677.0,687.0,660.0,700.0,701.0,0.26284953532865324,0.5248928266343871,0.47236732116447744,0.004456161891480812,0.03495986195300086,0.7634285077351093,3,0,0,1
C022,2025-12-01,99020.83,74805.26,7383.64,5896.11,3469.97,141.5,41106.79,215528.33,41106.79,0.1907,0,0,676,62,144999.12,0,0.0,0.0,0.06978569576448543,0.09643108765676485,671.8333333333334,4.166666666666629,13279.75,-0.7027019040197116,0.7985370359334961,1.0,513494.76,466309.93,12,4,2,12,0.3114,0.3006,0.4296,0.3066,0.3527,0.268,667.0,677.0,687.0,660.0,700.0,701.0,0.034258168018246056,0.19072480761667102,0.7554421080684935,0.0034421699634059628,0.08441149475561688,0.6727581809863187,6,0,0,0
C023,2025-12-01,98665.78,55733.97,38953.01,6763.43,6060.43,207.81,94916.49,240685.5,94916.49,0.3944,0,0,824,29,228934.63,0,0.0,0.0,0.07220680946651321,0.07074123031632022,799.8333333333334,24.16666666666663,45716.44,0.4183882355204236,0.17363048452481591,1.0,644092.12,555060.83,12,0,0,12,0.3114,0.3006,0.4296,0.3066,0.3527,0.268,667.0,677.0,687.0,660.0,700.0,701.0,0.16184127485338812,0.39435734866724975,0.5648706687296373,0.0021893752141991956,0.06384945493185713,0.9511735390227537,2,0,0,0
C024,2025-12-01,118569.74,77051.52,42147.03,4687.37,3916.55,421.1,92690.27,248629.1,92690.27,0.3728,0,0,587,58,123871.23,0,0.0,0.0,0.10175703087911588,0.12086947781250099,582.6666666666666,4.333333333333371,46834.4,-0.14934642232335382,0.11121471667161363,1.0,601212.04,537416.0,12,1,1,12,0.3114,0.3006,0.4296,0.3066,0.3527,0.268,667.0,677.0,687.0,660.0,700.0,701.0,0.169517005382695,0.3728038962297807,0.6498358701311976,0.004543038411276488,0.042253709545677816,0.4982149385774289,5,0,0,0
C025,2025-12-01,52638.96,39235.36,40243.21,318.82,2064.62,202.14,56232.38,129398.3,56232.38,0.4346,0,0,680,47,130635.28,0,0.0,0.0,0.07753414301669523,0.08933818146048568,667.1666666666666,12.833333333333371,40562.03,0.7297779419146095,0.007922330251488387,1.0,355161.95,332445.83999999997,12,3,2,12,0.3979,0.293,0.5156,0.2928,0.5817,0.3716,591.0,600.0,590.0,610.0,606.0,597.0,0.311000214066073,0.4345647928543663,0.7453531499643997,0.003594662102829316,0.03671520367440122,1.00955167454538,4,0,0,0
C026,2025-12-01,11230.08,5447.21,209.37,167.78,637.65,361.43,7159.1,25000.0,7159.1,0.2864,0,0,816,57,98660.52,0,0.0,0.0,0.1834018629494623,0.14324764221445319,833.5,-17.5,377.15,-0.9512627868149136,0.8013564503032908,1.0,58832.549999999996,49164.79,12,0,2,12,0.3979,0.293,0.5156,0.2928,0.5817,0.3716,591.0,600.0,590.0,610.0,606.0,597.0,0.008374465021399144,0.2863525458981641,0.48501212706168956,0.050478345274507334,0.08905601877068756,3.946262949482021,5,0,0,0
C027,2025-12-01,66157.52,50254.05,53596.06,6367.9,3554.81,362.8,79785.03,171836.46,79785.03,0.4643,0,0,607,52,64830.11,0,0.0,0.0,0.04507870894335836,0.10445122625736213,608.8333333333334,-1.8333333333333712,59963.96,0.424951641342731,0.11881283810787584,1.0,453152.63,427377.2,12,1,2,12,0.3979,0.293,0.5156,0.2928,0.5817,0.3716,591.0,600.0,590.0,610.0,606.0,597.0,0.31189974525927,0.46430522192308943,0.7596005775219881,0.004547161953038646,0.04455429102062103,0.37727576978849664,5,0,0,1
C028,2025-12-01,81712.82,51834.9,36886.23,5843.63,3201.28,369.3,76178.35,216849.19,76178.35,0.3513,0,0,659,35,118914.83,0,0.0,0.0,0.0819852629033617,0.1084445557262635,673.5,-14.5,42729.86,-0.14296298703148114,0.15842307549456802,1.0,607588.52,547701.24,12,2,3,12,0.3979,0.293,0.5156,0.2928,0.5817,0.3716,591.0,600.0,590.0,610.0,606.0,597.0,0.1701000584781595,0.3512948270877697,0.6343467971513264,0.004847770425975018,0.04202293666196942,0.5483731879598538,3,0,0,0
C029,2025-12-01,78788.06,59621.63,16179.23,983.75,3261.49,216.07,39806.96,181611.43,39806.96,0.2192,0,0,814,26,77247.43,0,0.0,0.0,0.0789953796117217,0.08312089187843617,815.1666666666666,-1.1666666666666288,17162.98,-0.4086341648804156,0.06080326443223812,1.0,459940.77,413005.29,12,3,1,12,0.3979,0.293,0.5156,0.2928,0.5817,0.3716,591.0,600.0,590.0,610.0,606.0,597.0,0.08908657849024981,0.21918631890999973,0.7567247280269621,0.005427808910579693,0.08193059880486214,0.42534219711723475,2,0,0,1
C030,2025-12-01,40414.24,22967.38,19467.48,1680.25,1151.88,225.64,39972.11,96487.25,39972.11,0.4143,0,0,723,40,252505.82,0,0.0,0.0,0.1093669206539775,0.13142609583589807,726.3333333333334,-3.3333333333333712,21147.73,0.052448935817611675,0.08631060620069983,1.0,251691.49,226918.23,12,3,1,12,0.3979,0.293,0.5156,0.2928,0.5817,0.3716,591.0,600.0,590.0,610.0,606.0,597.0,0.20176011068705257,0.4142691985811744,0.5682851320442487,0.0056447947132459795,0.02881637180594655,2.616959267061015,4,0,0,0
C031,2025-12-01,103382.47,61324.96,35360.66,9241.99,1928.55,422.02,89010.73,197575.22,89010.73,0.4505,0,0,758,41,87928.27,0,0.0,0.0,0.045556265577122834,0.05014223768441129,769.1666666666666,-11.166666666666629,44602.65,0.008964090703649452,0.26136361708180783,1.0,530883.55,445559.45,12,2,0,12,0.3979,0.293,0.5156,0.2928,0.5817,0.3716,591.0,600.0,590.0,610.0,606.0,597.0,0.17897224676127524,0.45051337655918305,0.5931795479490096,0.004741172876878137,0.021666245561118742,0.4450346807930631,4,0,0,1
C032,2025-12-01,92814.12,51902.0,61954.47,6086.08,4938.46,198.53,114089.66,218940.68,114089.66,0.5211,0,0,683,54,39090.55,0,0.0,0.0,0.1209579679062112,0.10724641563551982,673.3333333333334,9.666666666666629,68040.55,0.37386297301624904,0.09823471978696613,1.0,664085.54,618220.83,12,3,3,12,0.3979,0.293,0.5156,0.2928,0.5817,0.3716,591.0,600.0,590.0,610.0,606.0,597.0,0.28297247924652813,0.5210961202088155,0.5591976824465669,0.0017401073847762823,0.04328540127649362,0.17854320840143367,5,0,0,0
C033,2025-12-01,155462.34,103240.25,69534.72,4816.84,4186.45,241.61,131001.71,377623.55,131001.71,0.3469,0,0,620,58,140178.99,0,0.0,0.0,0.10361825772195431,0.07382718785560409,655.0,-35.0,74351.56,0.6031568266311211,0.0692724440394669,1.0,1128740.63,1051195.54,12,1,0,12,0.3979,0.293,0.5156,0.2928,0.5817,0.3716,591.0,600.0,590.0,610.0,606.0,597.0,0.18413718069971882,0.3469099400449468,0.664080998131135,0.0018443129916930726,0.031956972493164454,0.3712125972741973,5,0,0,0
C034,2025-12-01,25060.96,19057.24,20542.63,3043.39,1208.89,234.83,31033.45,85128.88,31033.45,0.3645,0,0,850,61,152235.37,0,0.3333333333333333,0.3333333333333333,0.0700649936368607,0.11937487870848984,846.6666666666666,3.3333333333333712,23586.02,0.04295128520444025,0.14814996911301034,1.0,242110.8,222574.96,12,0,1,12,0.3979,0.293,0.5156,0.2928,0.5817,0.3716,591.0,600.0,590.0,610.0,606.0,597.0,0.24130927942104463,0.3645423909912712,0.7604050122177197,0.007566752431572011,0.038953163339450196,1.7882718735184402,6,0,0,0
C035,2025-12-01,25373.65,20640.48,17878.28,543.96,1473.36,291.93,24920.7,85668.0,24920.7,0.2909,0,0,673,68,87576.19,0,0.0,0.0,0.05617306590647634,0.07022189829390825,681.5,-8.5,18422.239999999998,-0.3170799338218968,0.030425745653385006,1.0,236774.54,226278.91999999998,12,2,2,12,0.3979,0.293,0.5156,0.2928,0.5817,0.3716,591.0,600.0,590.0,610.0,606.0,597.0,0.2086901913177462,0.2908951896251853,0.8134291507469068,0.01171388789689307,0.059119562469654954,1.022262311921465,6,0,0,0
C036,2025-12-01,88822.87,52883.44,77630.69,10082.16,4838.69,340.61,128831.58,218849.4,128831.58,0.5887,0,0,667,54,171757.46,0,0.0,0.0,0.06337352233648783,0.10856042403503524,657.1666666666666,9.833333333333371,87712.85,0.2973195270639335,0.12987337868567186,1.0,682711.88,575764.29,12,0,0,12,0.3979,0.293,0.5156,0.2928,0.5817,0.3716,591.0,600.0,590.0,610.0,606.0,597.0,0.3547203477809499,0.5886741810844303,0.595374193896303,0.002643818822847451,0.037557968644266845,0.7848167515343815,5,0,0,0
C037,2025-12-01,41092.46,15958.53,17226.16,1501.37,1674.02,332.0,45867.47,85272.06,45867.47,0.5379,1,70,552,34,115745.1,0,0.0,0.0,0.0533452903263259,0.04598079671631048,548.3333333333334,3.6666666666666288,18727.53,0.21239917729840796,0.08715639469272315,1.0,222872.63999999998,189950.66,12,0,2,12,0.4974,0.3255,0.4777,0.3788,0.2219,0.474,693.0,657.0,676.0,657.0,679.0,675.0,0.20201174907995562,0.5378893404317847,0.38834719685322194,0.0072380875141464275,0.03649609415792591,1.357346622720001,3,0,1,1
C038,2025-12-01,101974.52,78390.03,115084.96,3617.76,4329.52,173.58,146790.31,391902.52,146790.31,0.3746,0,0,685,34,61460.92,0,0.0,0.0,0.0491545521798338,0.07238754036434726,680.8333333333334,4.166666666666629,118702.72,-0.12556219279814207,0.031435558564733394,1.0,1223778.62,1168177.68,12,3,0,12,0.4974,0.3255,0.4777,0.3788,0.2219,0.474,693.0,657.0,676.0,657.0,679.0,675.0,0.29365635705440973,0.3745572634815834,0.7687141972897025,0.001182495067316996,0.029494389007087684,0.1568266597860616,3,0,0,0
C039,2025-12-01,104624.67,47818.51,59089.55,6707.31,1902.96,244.06,124750.05,217829.86,124750.05,0.5727,1,24,707,23,256266.77,0,0.0,0.0,0.06132612276455543,0.10675100780164402,713.1666666666666,-6.166666666666629,65796.86,0.03987938087873988,0.11351093382840113,1.0,567385.85,494248.86000000004,12,3,1,12,0.4974,0.3255,0.4777,0.3788,0.2219,0.474,693.0,657.0,676.0,657.0,679.0,675.0,0.2712634472452618,0.5726922714256374,0.45704376373408173,0.001956376319077074,0.015254059985867855,1.1764484150684618,2,0,1,0
C040,2025-12-01,74998.48,52661.41,54551.21,1823.2,3136.76,211.93,82060.18,229596.45,82060.18,0.3574,1,61,715,35,65543.06,0,0.0,0.0,0.059495209891216996,0.14273457418112356,715.8333333333334,-0.8333333333333712,56374.409999999996,0.4652983820597256,0.03342180677568839,1.0,679174.87,634531.52,12,1,1,12,0.4974,0.3255,0.4777,0.3788,0.2219,0.474,693.0,657.0,676.0,657.0,679.0,675.0,0.2375950168436104,0.357408934637558,0.702157001621878,0.0025825853345028678,0.0382246514125193,0.2854694597000097,3,0,1,0
C041,2025-12-01,129747.49,52597.34,64534.29,7761.85,4697.53,387.51,154531.32,220854.85,154531.32,0.6997,1,65,636,41,348138.04,0,0.0,0.0,0.07809874092028202,0.12402113932713237,644.6666666666666,-8.666666666666629,72296.14,-0.0363373532518686,0.12027481824003952,1.0,594111.06,472738.74,12,3,0,12,0.4974,0.3255,0.4777,0.3788,0.2219,0.474,693.0,657.0,676.0,657.0,679.0,675.0,0.2922009536989851,0.6996931256292284,0.40537920711061837,0.0025076307661724096,0.030398365856411133,1.5763134189110226,4,0,1,0
C042,2025-12-01,20317.24,18032.31,30218.41,7.66,1959.13,204.75,34674.89,81983.41,34674.89,0.423,0,0,679,64,182343.14,0,0.0,0.0,0.03243886557819185,0.0918925114830728,689.0,-10.0,30226.07,0.22299422896635668,0.00025348785723669774,1.0,253666.63,233820.83,12,0,1,12,0.4974,0.3255,0.4777,0.3788,0.2219,0.474,693.0,657.0,676.0,657.0,679.0,675.0,0.3685872716532326,0.42294492330919986,0.8874937002417532,0.005904679014727524,0.056498333568366955,2.2241196832422165,6,0,0,0
C043,2025-12-01,62128.73,38748.54,18482.23,4586.43,3514.64,141.71,50105.19,174654.01,50105.19,0.2869,0,0,736,66,184901.63,0,0.0,0.0,0.024953757232128327,0.04223785032408724,754.3333333333334,-18.33333333333337,23068.66,-0.4206864372984088,0.24815349662892414,1.0,490323.76,461367.4,12,0,0,12,0.4974,0.3255,0.4777,0.3788,0.2219,0.474,693.0,657.0,676.0,657.0,679.0,675.0,0.10582135605500237,0.28688092027821016,0.623671469359355,0.0028281934826814813,0.07014382853695321,1.0586677702517666,6,0,0,0
C044,2025-12-01,48745.37,43070.68,13702.86,99.01,2048.02,163.84,21688.43,116460.75,21688.43,0.1862,0,0,717,38,117687.18,0,0.0,0.0,0.12727609097286632,0.10194044176217143,714.5,2.5,13801.87,-0.5364070976533621,0.007225498910446432,1.0,356306.06,338445.04,12,0,1,12,0.4974,0.3255,0.4777,0.3788,0.2219,0.474,693.0,657.0,676.0,657.0,679.0,675.0,0.11765974665501763,0.1862279246190273,0.883566919957322,0.00755390989989133,0.09442479585678369,1.0105221671493,3,0,0,0
C045,2025-12-01,59552.88,51573.29,25412.8,819.93,3359.88,162.92,37735.12,151044.31,37735.12,0.2498,0,0,648,38,99306.35,0,0.0,0.0,0.07531082259542779,0.0750982733933788,643.0,5.0,26232.73,-0.24061843064351685,0.03226444941132028,1.0,433533.7,403047.85,12,0,0,12,0.4974,0.3255,0.4777,0.3788,0.2219,0.474,693.0,657.0,676.0,657.0,679.0,675.0,0.1682462037384676,0.24982649246110325,0.8659937857953168,0.0043173490014341695,0.08903618072022243,0.6574606652798423,3,0,0,0
C046,2025-12-01,59056.86,35922.64,53120.32,5574.77,3117.17,166.5,85112.98,175990.21,85112.98,0.4836,0,0,726,54,167253.66,0,0.0,0.0,0.10598995235398496,0.11795231239784999,703.6666666666666,22.33333333333337,58695.09,0.9256028510492131,0.10494609219221572,1.0,492577.89,457194.94,12,2,0,12,0.4974,0.3255,0.4777,0.3788,0.2219,0.474,693.0,657.0,676.0,657.0,679.0,675.0,0.30183507460401005,0.4836206308258236,0.6082617961436463,0.0019562003797730996,0.03662347830520909,0.950352349983843,5,0,0,0
C047,2025-12-01,40835.36,30452.65,26933.37,3047.63,1750.49,182.86,42297.05,105998.75,42297.05,0.399,1,88,715,63,267633.35,0,0.0,0.0,0.0195403002365194,0.08056662874085448,734.5,-19.5,29981.0,-0.10974690693394362,0.11315442516105487,1.0,336731.89,305515.32,12,1,2,12,0.4974,0.3255,0.4777,0.3788,0.2219,0.474,693.0,657.0,676.0,657.0,679.0,675.0,0.2540889954929139,0.39902971469272336,0.7457239087910872,0.004323130735341228,0.04138465011980458,2.5248488793605643,6,0,1,0
C048,2025-12-01,25905.97,20313.53,12771.69,1835.65,1213.99,151.28,21565.05,71147.51,21565.05,0.3031,0,0,761,66,153790.27,0,0.0,0.0,0.06575046260927243,0.04611782374165834,760.1666666666666,0.8333333333333712,14607.34,0.0611835404507326,0.1437280422559583,1.0,203942.77000000002,193494.97,12,4,2,12,0.4974,0.3255,0.4777,0.3788,0.2219,0.474,693.0,657.0,676.0,657.0,679.0,675.0,0.17950748371258937,0.3030991091731928,0.784095168211489,0.007014729169226632,0.05629171776936435,2.161538871298921,6,0,0,0
C049,2025-12-01,36478.75,18691.75,19707.32,3938.14,1868.29,293.36,43594.11,92702.47,43594.11,0.4703,1,69,729,58,89849.27,0,0.0,0.0,0.03528573838441419,0.03754680634443723,717.5,11.5,23645.46,0.11569027775877294,0.19983133170821807,1.0,237897.84,209618.7,12,4,3,12,0.5075,0.3993,0.3514,0.2789,0.4782,0.3791,633.0,611.0,631.0,612.0,618.0,622.0,0.2125844911738471,0.4702532709940631,0.5123870092311488,0.0067291950863296365,0.042855494572671106,0.9692115084796719,5,0,1,0
C050,2025-12-01,75460.91,60249.29,29997.51,3685.84,3067.75,286.71,52249.42,149367.12,52249.42,0.3498,0,0,586,51,87493.11,0,0.0,0.0,0.08856867392029762,0.07388232310009385,598.5,-12.5,33683.35,-0.20518864863653163,0.122871531670462,1.0,511520.32,474272.11,12,1,1,12,0.5075,0.3993,0.3514,0.2789,0.4782,0.3791,633.0,611.0,631.0,612.0,618.0,622.0,0.2008294005441054,0.3498030235635288,0.7984066398531391,0.005487228619406313,0.058712446713346994,0.5857549120923528,5,0,0,0
C051,2025-12-01,47380.59,34342.91,35370.42,3445.32,2863.64,162.17,54879.23,136005.61,54879.23,0.4035,0,0,736,69,65798.47,0,0.0,0.0,0.01970685160039529,0.10003570862447075,720.5,15.5,38815.74,0.056626074742313515,0.09740681620404848,1.0,392276.06,345195.16000000003,12,0,2,12,0.5075,0.3993,0.3514,0.2789,0.4782,0.3791,633.0,611.0,631.0,612.0,618.0,622.0,0.260063977772845,0.4035041385120915,0.7248154821313512,0.002954980327159707,0.05217981047091092,0.4837887658548361,6,0,0,1
C052,2025-12-01,94883.96,63104.16,23165.41,14471.59,4097.7,321.15,73835.65,233912.3,73835.65,0.3157,0,0,777,28,63304.25,0,0.0,0.0,0.026638130565037846,0.07203730746402638,764.1666666666666,12.833333333333371,37637.0,0.288958661677547,0.6247068366154538,1.0,517614.36,424655.51,12,2,0,12,0.5075,0.3993,0.3514,0.2789,0.4782,0.3791,633.0,611.0,631.0,612.0,618.0,622.0,0.09903417206289682,0.31565391963603606,0.6650596680443349,0.004349466017215028,0.05549682982638026,0.27063125525568665,2,0,0,1
C053,2025-12-01,101992.26,55551.85,55643.09,2221.56,3120.96,229.38,107655.4,189921.81,107655.4,0.5668,0,0,643,35,106695.27,0,0.0,0.0,0.1238523448842748,0.08696867060422779,643.0,0.0,57864.649999999994,0.8730964236962291,0.03992517309876213,1.0,479630.46,428372.5,12,0,1,12,0.5075,0.3993,0.3514,0.2789,0.4782,0.3791,633.0,611.0,631.0,612.0,618.0,622.0,0.29297739434246994,0.5668376536762487,0.5446619708008157,0.0021306675683006307,0.02899000895441423,0.5617822840763571,3,0,0,0
C054,2025-12-01,23190.67,13879.74,25356.38,2166.29,772.78,297.87,37904.25,63203.1,37904.25,0.5997,0,0,705,40,26804.29,0,0.0,0.0,0.08717209033477027,0.061668849510916,706.5,-1.5,27522.670000000002,0.35134974566451294,0.08543372516108372,1.0,191402.02000000002,169663.07,12,2,3,12,0.5075,0.3993,0.3514,0.2789,0.4782,0.3791,633.0,611.0,631.0,612.0,618.0,622.0,0.4011825182227103,0.5997118857795618,0.5984795402832138,0.0078582782068447,0.02038714953733322,0.4240910004256053,4,0,0,1
C055,2025-12-01,65171.67,49528.99,50561.78,2492.3,2035.43,250.87,70983.06,158276.57,70983.06,0.4485,0,0,652,54,207539.16,0,0.0,0.0,0.10100371280304492,0.10945609165322873,675.3333333333334,-23.33333333333337,53054.08,2.1402943658987303,0.049292172862585144,1.0,518620.92,474306.33999999997,12,0,2,12,0.5075,0.3993,0.3514,0.2789,0.4782,0.3791,633.0,611.0,631.0,612.0,618.0,622.0,0.3194500648449429,0.448472010279157,0.7599656420398305,0.0035341737285807546,0.028674465788516467,1.311235445426664,5,0,0,0
C056,2025-12-01,56732.62,26386.84,26334.02,3836.92,1087.76,256.18,61860.65,130077.22,61860.65,0.4756,0,0,755,39,79421.21,0,0.0,0.0,0.04407100331661752,0.08390200633278476,751.5,3.5,30170.940000000002,-0.12649959018849577,0.14570202346622355,1.0,329749.01,275178.26,12,3,0,12,0.5075,0.3993,0.3514,0.2789,0.4782,0.3791,633.0,611.0,631.0,612.0,618.0,622.0,0.2024475734677181,0.4755650100378065,0.46510058762335277,0.004141176318446081,0.01758375342397107,0.6105650123441112,3,0,0,0
C057,2025-12-01,63218.03,40444.83,32232.24,4161.58,3220.41,207.78,62595.21,198671.7,62595.21,0.3151,0,0,755,64,168712.52,0,0.0,0.0,0.032803099447054354,0.06693368857807452,766.3333333333334,-11.333333333333371,36393.82,-0.13171952068504644,0.12911234217665293,1.0,499764.33999999997,472744.02,12,2,3,12,0.5075,0.3993,0.3514,0.2789,0.4782,0.3791,633.0,611.0,631.0,612.0,618.0,622.0,0.16223789176872314,0.31506699209302536,0.6397572060185043,0.0033193702941440063,0.051447363985774854,0.8491983045481336,6,0,0,0
C058,2025-12-01,78340.83,56033.62,38238.07,4785.71,3480.91,196.41,69008.31,194218.28,69008.31,0.3553,0,0,771,30,140194.04,0,0.0,0.0,0.09485685707071127,0.09109378500571073,772.1666666666666,-1.1666666666666288,43023.78,-0.2677558706284935,0.125155636777693,1.0,596544.94,557867.58,12,0,3,12,0.5075,0.3993,0.3514,0.2789,0.4782,0.3791,633.0,611.0,631.0,612.0,618.0,622.0,0.19688091728071486,0.3553113264553344,0.7152452272304591,0.002846137716780533,0.05044116511235948,0.7218337952854115,3,0,0,1
C059,2025-12-01,23063.3,9946.01,16306.95,1521.67,881.85,341.1,32168.87,53270.3,32168.87,0.6039,0,0,710,33,78674.16,0,0.0,0.0,0.09115219873010927,0.11435887372652809,731.1666666666666,-21.16666666666663,17828.620000000003,0.8370305189111327,0.09331420038695158,1.0,148999.51,138177.43,12,4,0,12,0.5075,0.3993,0.3514,0.2789,0.4782,0.3791,633.0,611.0,631.0,612.0,618.0,622.0,0.306111358273592,0.6038686872668773,0.4312296492848255,0.010603089163866687,0.027412296039741536,1.4768582707761966,3,0,0,0
C060,2025-12-01,42525.91,26069.17,36637.05,6290.46,1350.5,292.12,61026.87,133909.11,61026.87,0.4557,0,0,689,36,176204.48,0,0.0,0.0,0.09783150480971524,0.1624746185306082,706.3333333333334,-17.33333333333337,42927.51,-0.2909983777736156,0.17169668409437985,1.0,422161.37,390293.43,12,2,2,12,0.5075,0.3993,0.3514,0.2789,0.4782,0.3791,633.0,611.0,631.0,612.0,618.0,622.0,0.2735943537048846,0.4557301162697873,0.6130040955244572,0.004786665502171385,0.0221292337418953,1.315841499943507,3,0,0,0
C061,2025-12-01,39977.27,28467.58,30087.35,1030.44,1723.45,233.07,44583.99,96962.72,44583.99,0.4598,0,0,638,53,142934.56,0,0.0,0.0,0.09074904958180004,0.07889686939289799,626.5,11.5,31117.789999999997,1.0244861818354516,0.03424828042350025,1.0,292883.43,267613.33,12,3,0,12,0.5145,0.3,0.4604,0.5542,0.5155,0.5582,742.0,704.0,722.0,728.0,705.0,732.0,0.31029492267829656,0.45980073784297876,0.7120763354692438,0.005227544068082106,0.038655386039113164,1.474103510055101,5,0,0,1
C062,2025-12-01,68528.55,43041.13,25943.24,3049.97,1867.97,205.47,56554.07,183475.95,56554.07,0.3082,0,0,697,38,92159.54,0,0.0,0.0,0.08659083862241626,0.07354807951265625,698.8333333333334,-1.8333333333333712,28993.210000000003,-0.11715400013763444,0.11756318794414267,1.0,446121.15,408365.49,12,2,3,12,0.5145,0.3,0.4604,0.5542,0.5155,0.5582,742.0,704.0,722.0,728.0,705.0,732.0,0.14139781591093595,0.308235285140722,0.6280667245005985,0.0036330960248126295,0.03302922266739304,0.5022949204246091,3,0,0,0
C063,2025-12-01,47667.28,31258.23,18638.9,4692.67,2480.31,370.03,42590.97,135367.14,42590.97,0.3146,1,81,725,48,131721.17,0,0.0,0.0,0.02511221482333483,0.06729723372224644,704.1666666666666,20.83333333333337,23331.57,-0.27564428548809217,0.25176753992993145,1.0,387841.66,361916.18,12,3,1,12,0.5145,0.3,0.4604,0.5542,0.5155,0.5582,742.0,704.0,722.0,728.0,705.0,732.0,0.13769044917068374,0.3146306804540566,0.6557448684953601,0.00868778786235997,0.05823421644972045,0.9730588748578506,4,0,1,0
C064,2025-12-01,24127.48,17574.92,21087.65,933.23,1632.65,275.81,30481.91,67361.66,30481.91,0.4525,0,0,651,49,77458.76,0,0.0,0.0,0.07222218034186824,0.060897016894644926,630.6666666666666,20.33333333333337,22020.88,0.008696799324997118,0.04425481265100663,1.0,199745.66,189489.02,12,2,1,12,0.5145,0.3,0.4604,0.5542,0.5155,0.5582,742.0,704.0,722.0,728.0,705.0,732.0,0.31304657506102046,0.452504547771718,0.7283890240910326,0.009048020677815865,0.053559519087908604,1.149876801183326,4,0,0,0
C065,2025-12-01,93169.2,78822.74,40593.36,1708.99,4157.68,143.3,60949.79,267565.66,60949.79,0.2278,1,47,647,57,116919.43,0,0.0,0.0,0.11345679060035736,0.08571696253756704,683.6666666666666,-36.66666666666663,42302.35,-0.4703199039967464,0.042100235112343495,1.0,615718.8099999999,541828.74,12,4,0,12,0.5145,0.3,0.4604,0.5542,0.5155,0.5582,742.0,704.0,722.0,728.0,705.0,732.0,0.15171307217423877,0.22779291709961177,0.846008058370595,0.0023510769917830434,0.06821371798462333,0.43697308924811484,5,0,1,0
C066,2025-12-01,55665.67,36165.36,26824.97,25.67,2121.46,180.09,48652.5,148869.18,48652.5,0.3268,1,41,650,35,123814.53,0,0.0,0.0,0.06771417872203725,0.060653125778204246,663.6666666666666,-13.666666666666629,26850.64,-0.35497553049295516,0.0009569442202544868,1.0,484383.08,452285.09,12,2,0,12,0.5145,0.3,0.4604,0.5542,0.5155,0.5582,742.0,704.0,722.0,728.0,705.0,732.0,0.1801903510830712,0.3268115884591528,0.6496770868456835,0.003701480880101123,0.04360344065689005,0.8316946348825535,3,0,1,0
C067,2025-12-01,36265.3,32654.26,28286.67,1434.53,1315.06,140.77,34788.07,87007.65,34788.07,0.3998,1,10,746,35,112226.46,0,0.0,0.0,0.1204746031327765,0.15722864878895323,748.0,-2.0,29721.199999999997,-0.15956506137444026,0.05071399355244007,1.0,275579.8,261624.31,12,1,1,12,0.5145,0.3,0.4604,0.5542,0.5155,0.5582,742.0,704.0,722.0,728.0,705.0,732.0,0.32510181458969883,0.39982312103451784,0.9004023018615077,0.004046385833251651,0.03780095300046825,1.289831068520199,3,0,1,0
C068,2025-12-01,17109.08,10737.95,9784.41,430.26,469.05,156.09,17210.94,49152.48,17210.94,0.3502,0,0,623,65,151733.66,0,0.0,0.0,0.07441621687060775,0.08408529994396563,605.3333333333334,17.66666666666663,10214.67,-0.325610337410392,0.04397403624745897,1.0,140537.2,129747.76,12,3,1,12,0.5145,0.3,0.4604,0.5542,0.5155,0.5582,742.0,704.0,722.0,728.0,705.0,732.0,0.1990583372733731,0.350146927542058,0.6275803502964334,0.00906870463178468,0.027251431273871512,3.0869362657537165,6,0,0,0
C069,2025-12-01,29755.74,25094.6,21332.5,622.66,1725.08,197.08,28538.46,83602.18,28538.46,0.3414,0,0,689,33,172422.19,0,0.3333333333333333,0.16666666666666666,0.012627483254130083,0.0812072328469987,713.3333333333334,-24.33333333333337,21955.16,0.24497858516345627,0.02918832766904957,1.0,276710.56,261640.3,12,4,2,12,0.5145,0.3,0.4604,0.5542,0.5155,0.5582,742.0,704.0,722.0,728.0,705.0,732.0,0.255163738986962,0.3413561541558587,0.8433249072311012,0.006905526593705698,0.06044543239430599,2.0623879378750907,3,0,0,0
C070,2025-12-01,137481.7,57123.21,21854.84,7120.08,5009.54,301.82,114644.77,281354.41,114644.77,0.4075,0,0,598,66,113363.08,0,0.0,0.0,0.08123160304544863,0.07313348526268025,599.5,-1.5,28974.92,-0.5697259053637916,0.3257896191415723,1.0,778571.81,688595.3,12,3,3,12,0.5145,0.3,0.4604,0.5542,0.5155,0.5582,742.0,704.0,722.0,728.0,705.0,732.0,0.07767698513421158,0.4074731315811557,0.41549380394769664,0.0026326309291655504,0.043695811890835566,0.40291771890933253,6,0,0,0
C071,2025-12-01,31845.81,20527.53,14080.48,1296.65,1245.4,263.51,28204.33,68510.89,28204.33,0.4117,0,0,792,61,117579.08,0,0.0,0.0,0.02772225339566324,0.08133942258626294,783.1666666666666,8.833333333333371,15377.13,-0.3123498279435736,0.09208847993818393,1.0,175446.11,162096.22,12,2,0,12,0.5145,0.3,0.4604,0.5542,0.5155,0.5582,742.0,704.0,722.0,728.0,705.0,732.0,0.20551877929509754,0.41167058739731166,0.6445709947087321,0.009342560430954007,0.044154775001746124,1.7161850300728823,6,0,0,1
C072,2025-12-01,88847.72,62075.77,44138.44,10094.04,1632.92,217.57,82854.91,199130.84,82854.91,0.4161,0,0,747,43,391127.4,0,0.0,0.0,0.07006356637606556,0.11714262531916668,741.3333333333334,5.666666666666629,54232.48,0.6754828107897024,0.22869045666317162,1.0,516454.3,464885.82,12,0,2,12,0.5145,0.3,0.4604,0.5542,0.5155,0.5582,742.0,704.0,722.0,728.0,705.0,732.0,0.22165435723388086,0.4160806729852946,0.6986681406327518,0.0026258838989276683,0.019707948413094492,1.9641630389193412,4,0,0,1
C073,2025-12-01,102077.82,59347.21,52840.84,7528.27,7185.35,297.41,110582.48,256221.83,110582.48,0.4316,1,43,809,69,123529.7,0,0.0,0.0,0.1195577824038792,0.08873326321059082,813.1666666666666,-4.166666666666629,60369.11,0.07560508800599797,0.1424706723057393,1.0,803084.37,747670.6699999999,12,3,3,12,0.2463,0.3555,0.4072,0.3898,0.4542,0.2907,542.0,566.0,585.0,578.0,563.0,575.0,0.20623002251594832,0.4315871462351735,0.581386128875706,0.0026894613915206867,0.06497670357272171,0.4821182405955004,6,0,1,0
C074,2025-12-01,25058.32,21245.29,23981.84,1811.01,2071.56,216.36,31893.8,126640.62,31893.8,0.2518,0,0,646,40,101204.65,0,0.0,0.0,0.11800789521609702,0.09274894428869082,630.8333333333334,15.166666666666629,25792.85,-0.36679443125446043,0.07551589035703682,1.0,383204.26,362621.87,12,2,0,12,0.2463,0.3555,0.4072,0.3898,0.4542,0.2907,542.0,566.0,585.0,578.0,563.0,575.0,0.18936776077248538,0.2518429565256667,0.8477999403016523,0.006783550923661538,0.06494977237668836,0.799142098782375,4,0,0,0
C075,2025-12-01,22098.05,12318.84,10687.24,995.22,746.87,248.27,22456.81,61874.5,22456.81,0.3629,0,0,694,48,148466.49,0,0.0,0.0,0.09843100798698211,0.1001763977524979,703.3333333333334,-9.333333333333371,11682.46,-0.45874619568969155,0.09312226543055083,1.0,170698.7,159540.49,12,0,0,12,0.2463,0.3555,0.4072,0.3898,0.4542,0.2907,542.0,566.0,585.0,578.0,563.0,575.0,0.17272167497636381,0.3629354106229445,0.5574375369076952,0.011054951484583759,0.03325658200866424,2.399439034836082,4,0,0,0
C076,2025-12-01,52468.29,38894.4,30223.87,1855.61,618.4,297.41,46569.17,105466.53,46569.17,0.4416,0,0,740,33,207908.22,0,0.0,0.0,0.06335371601834673,0.059035063027548816,750.5,-10.5,32079.48,0.37380940655011075,0.06139551288435267,1.0,279736.92,248718.49,12,1,1,12,0.2463,0.3555,0.4072,0.3898,0.4542,0.2907,542.0,566.0,585.0,578.0,563.0,575.0,0.28657037858002365,0.4415498305497436,0.7412793273932238,0.006386276880672758,0.013278886463158713,1.971300740616567,3,0,0,0
C077,2025-12-01,18522.47,10612.1,13305.04,1464.64,1595.55,245.43,24521.02,58172.7,24521.02,0.4215,0,0,828,50,48612.46,0,0.0,0.0,0.082597417231614,0.06004288467420596,839.5,-11.5,14769.68,-0.20756504733519876,0.11008159314064445,1.0,168536.25,153252.8,12,1,2,12,0.2463,0.3555,0.4072,0.3898,0.4542,0.2907,542.0,566.0,585.0,578.0,563.0,575.0,0.22871228751136685,0.4215138456037694,0.5729002179397272,0.01000855557576415,0.06506601005953017,0.8356432545978681,5,0,0,0
C078,2025-12-01,31280.29,21716.38,7278.75,671.25,940.68,292.8,18747.38,56514.28,18747.38,0.3317,0,0,596,59,95295.03,0,0.0,0.0,0.0997951067604686,0.12338323089734143,597.1666666666666,-1.1666666666666288,7950.0,-0.48970651384820985,0.09222050489438434,1.0,140943.05,120737.58,12,1,0,12,0.2463,0.3555,0.4072,0.3898,0.4542,0.2907,542.0,566.0,585.0,578.0,563.0,575.0,0.12879260263772913,0.33172232359107134,0.6942290423444814,0.015617349338982888,0.050173935027986415,1.6861816839622843,5,0,0,0
C079,2025-12-01,16127.83,16180.5,22232.19,977.29,1030.53,109.63,24296.97,53440.14,24296.97,0.4547,1,43,583,59,44995.46,1,0.3333333333333333,0.16666666666666666,0.1403137911967316,0.0999772724172849,589.3333333333334,-6.333333333333371,23209.48,0.35329167441673337,0.04395833248996163,1.0,163717.67,157809.84,12,1,1,12,0.2463,0.3555,0.4072,0.3898,0.4542,0.2907,542.0,566.0,585.0,578.0,563.0,575.0,0.4160126449398347,0.4546491710319054,1.0032035801728953,0.004511899553748728,0.042412185050849927,0.8419629521376228,5,0,1,0
C080,2025-12-01,75072.9,34650.58,19806.1,2551.29,3099.11,179.37,66058.19,146329.11,66058.19,0.4514,0,0,460,43,79110.54,0,0.0,0.0,0.0510295339321586,0.047769153226742536,461.1666666666667,-1.1666666666666856,22357.39,-0.17926220420989258,0.12881334538349298,1.0,313346.9,280317.53,12,2,1,12,0.2463,0.3555,0.4072,0.3898,0.4542,0.2907,542.0,566.0,585.0,578.0,563.0,575.0,0.1353521841813691,0.4514326545643956,0.46155294982677075,0.0027152921493587795,0.04691413866866972,0.5406306330255611,4,0,0,0
C081,2025-12-01,59355.3,40536.78,26771.9,4034.45,2514.52,148.5,52287.88,178523.39,52287.88,0.2929,0,0,828,23,140539.5,0,0.0,0.0,0.030407948522274984,0.03414127511776148,819.6666666666666,8.333333333333371,30806.350000000002,-0.06147245943761481,0.1506971862288444,1.0,481375.07,436131.18,12,2,0,12,0.2463,0.3555,0.4072,0.3898,0.4542,0.2907,542.0,566.0,585.0,578.0,563.0,575.0,0.14996214242770972,0.29288927972250733,0.6829398058841268,0.0028399919829990624,0.04808900095010641,0.7872285686006264,2,0,0,0
C082,2025-12-01,86473.92,73466.73,69419.85,8386.13,8020.77,182.56,99016.5,254548.1,99016.5,0.389,0,0,629,40,52093.48,0,0.0,0.0,0.11096766796384137,0.0721132096082265,622.5,6.5,77805.98000000001,0.6550766318162966,0.12080305561017488,1.0,729822.62,671964.76,12,0,3,12,0.2463,0.3555,0.4072,0.3898,0.4542,0.2907,542.0,566.0,585.0,578.0,563.0,575.0,0.2727169335896297,0.388987821995835,0.8495726853520073,0.0018437144949125155,0.08100355997677179,0.2046500262621239,4,0,0,0
C083,2025-12-01,44693.32,34028.03,20581.41,4533.73,2879.67,302.47,38962.56,135411.12,38962.56,0.2877,0,0,567,32,104989.6,0,0.0,0.0,0.04725198408532694,0.09754184230370064,522.6666666666666,44.33333333333337,25115.14,-0.35935014514343433,0.2202827697422091,1.0,403211.01,361241.24,12,4,2,12,0.2463,0.3555,0.4072,0.3898,0.4542,0.2907,542.0,566.0,585.0,578.0,563.0,575.0,0.15199090007600502,0.2877331807522104,0.7613502118389988,0.007762894355649228,0.07390674774070953,0.7753338475167512,3,0,0,0
C084,2025-12-01,83217.19,52003.33,48577.46,3429.51,3953.05,281.06,87454.95,208206.95,87454.95,0.42,0,0,644,39,122058.54,0,0.0,0.0,0.04185837232063999,0.07555100705263079,668.8333333333334,-24.83333333333337,52006.97,-0.0046377663696480775,0.07059879211469682,1.0,733258.12,686062.3200000001,12,0,3,12,0.2463,0.3555,0.4072,0.3898,0.4542,0.2907,542.0,566.0,585.0,578.0,563.0,575.0,0.23331222462927087,0.4200365548001409,0.6249034015279592,0.003213732170309739,0.045200469493499304,0.5862338109567862,3,0,0,1
C085,2025-12-01,91836.58,53894.92,46096.66,3087.7,2112.71,252.48,89491.21,196384.79,89491.21,0.4557,1,44,694,64,89425.67,0,0.0,0.0,0.11080037605231015,0.0839020540074358,699.3333333333334,-5.333333333333371,49184.36,-0.19565410435977992,0.06698316103596225,1.0,523293.47,471364.44,12,2,3,12,0.3448,0.3186,0.2789,0.3109,0.1659,0.487,737.0,713.0,706.0,717.0,743.0,740.0,0.2347250277120356,0.4556908623582185,0.5868503939237074,0.0028212511457701176,0.02360775312175216,0.45535713149103096,6,0,1,0
C086,2025-12-01,64751.05,58785.74,25000.45,842.99,3097.81,226.23,35132.79,184626.15,35132.79,0.1903,0,0,722,22,123210.88,0,0.0,0.0,0.10894100850154328,0.1002830145139245,718.3333333333334,3.6666666666666288,25843.440000000002,-0.5571797751307292,0.03371899305812495,1.0,574397.08,545540.9,12,4,0,12,0.3448,0.3186,0.2789,0.3109,0.1659,0.487,737.0,713.0,706.0,717.0,743.0,740.0,0.13541047456996438,0.19029048544593793,0.9078591334173975,0.006439100364634728,0.08817181408552849,0.667349737024051,2,0,0,1
C087,2025-12-01,70789.97,56789.33,49907.06,2008.94,3380.69,214.85,69512.17,191286.09,69512.17,0.3634,0,0,603,44,69091.5,0,0.0,0.0,0.021760131739796917,0.04967686584316674,591.0,12.0,51916.0,0.3441327914963068,0.04025362343524143,1.0,439999.5,394355.68,12,1,1,12,0.3448,0.3186,0.2789,0.3109,0.1659,0.487,737.0,713.0,706.0,717.0,743.0,740.0,0.2609013499029129,0.36339185252909645,0.8022114967488085,0.0030907812145525805,0.0486338056515046,0.36119269732212456,4,0,0,0
C088,2025-12-01,53956.88,32178.75,47275.58,5175.31,2802.87,282.89,77314.79,134285.69,77314.79,0.5757,1,81,691,50,73269.14,0,0.0,0.0,0.11463722490244316,0.08033315006894726,708.6666666666666,-17.66666666666663,52450.89,0.6157383490915207,0.10947110537829467,1.0,398297.94,367340.1,12,2,3,12,0.3448,0.3186,0.2789,0.3109,0.1659,0.487,737.0,713.0,706.0,717.0,743.0,740.0,0.35204963351170543,0.5757442528369714,0.5963679447747021,0.00365889037672641,0.036252232564654645,0.5456172908871311,5,0,1,0
C089,2025-12-01,72533.44,44647.29,36305.36,5287.32,2625.35,191.88,72296.07,184286.89,72296.07,0.3923,0,0,703,22,48316.62,0,0.0,0.0,0.09846508687516267,0.11987090834171013,705.6666666666666,-2.6666666666666288,41592.68,3.391856318786621,0.1456346941608622,1.0,421511.48,382842.52,12,2,2,12,0.3448,0.3186,0.2789,0.3109,0.1659,0.487,737.0,713.0,706.0,717.0,743.0,740.0,0.19700350359429475,0.3922996242455215,0.6155322905918899,0.002654049465628413,0.03631336650295786,0.2621801139510578,2,0,0,0
C090,2025-12-01,11499.21,6793.95,7826.61,809.11,590.66,413.61,14345.25,25000.0,14345.25,0.5738,0,0,741,25,50068.8,0,0.0,0.0,0.12694779767027592,0.09693089806661231,753.6666666666666,-12.666666666666629,8635.72,1.6117089162689697,0.10337936858997702,1.0,66531.98,54112.39,12,1,0,12,0.3448,0.3186,0.2789,0.3109,0.1659,0.487,737.0,713.0,706.0,717.0,743.0,740.0,0.313051877924883,0.5737870485180593,0.5907674729417984,0.028830530626470334,0.041171734773895616,2.0026718931242753,2,0,0,0
C091,2025-12-01,40641.75,28399.1,34538.63,1836.39,2909.27,98.71,51625.64,124012.54,51625.64,0.4163,0,0,771,27,76917.24,0,0.0,0.0,0.03781869026464733,0.06184232908507465,758.5,12.5,36375.02,0.04560743075064355,0.053169161602530275,1.0,421367.48,401399.43,12,0,0,12,0.3448,0.3186,0.2789,0.3109,0.1659,0.487,737.0,713.0,706.0,717.0,743.0,740.0,0.27850692755000783,0.4162903502311119,0.6987494694625732,0.0019119973718994688,0.05635210813641949,0.6202325971825335,2,0,0,0
C092,2025-12-01,62361.66,37756.48,29859.68,4375.51,2865.32,217.32,61923.02,141198.66,61923.02,0.4386,0,0,806,37,122124.36,0,0.0,0.0,0.1570139165806649,0.10108854864259682,804.6666666666666,1.3333333333333712,34235.19,5.952818175725487,0.14653572978678941,1.0,314318.74,281177.22,12,0,2,12,0.3448,0.3186,0.2789,0.3109,0.1659,0.487,737.0,713.0,706.0,717.0,743.0,740.0,0.2114713307383318,0.4385493562803196,0.6054340850759092,0.003509462079496777,0.04627154374021584,0.8649054820670248,3,0,0,0
C093,2025-12-01,62088.93,35882.2,33143.12,7028.09,2780.15,155.96,69314.06,165157.11,69314.06,0.4197,0,0,651,28,79413.68,0,0.0,0.0,0.08700413783263417,0.09474254939923596,662.6666666666666,-11.666666666666629,40171.21000000001,-0.1379169077364959,0.21205275785743766,1.0,524331.29,496259.67000000004,12,3,0,12,0.3448,0.3186,0.2789,0.3109,0.1659,0.487,737.0,713.0,706.0,717.0,743.0,740.0,0.20067509854647772,0.4196830540141202,0.5779069166288318,0.0022500160859703507,0.04010888831373731,0.4808342745021725,2,0,0,0
C094,2025-12-01,34933.57,22412.15,22828.42,1892.21,1554.36,241.8,39038.21,92419.15,39038.21,0.4224,0,0,821,51,65437.3,0,0.0,0.16666666666666666,0.10380757840029471,0.07732659094171075,825.0,-4.0,24720.629999999997,0.9875451949987817,0.08288834706913575,1.0,323016.07999999996,297042.45,12,1,3,12,0.3448,0.3186,0.2789,0.3109,0.1659,0.487,737.0,713.0,706.0,717.0,743.0,740.0,0.2470069568162354,0.4223993360755203,0.6415464681546102,0.006193772876039244,0.039815354870142095,0.7080414822957981,5,0,0,0
C095,2025-12-01,11936.9,9246.36,5772.5,258.69,329.91,400.32,9451.96,25000.0,9451.96,0.3781,0,0,704,62,102197.03,0,0.0,0.0,0.052239480599766255,0.0530876884660338,710.5,-6.5,6031.19,-0.01403456573767714,0.04481420528367259,1.0,74981.28,67749.49,12,3,0,12,0.3448,0.3186,0.2789,0.3109,0.1659,0.487,737.0,713.0,706.0,717.0,743.0,740.0,0.2308907643694252,0.3780632774689012,0.7745382353680296,0.04234864000270815,0.03490017941470185,4.087717691292348,6,0,0,1
C096,2025-12-01,129598.33,99941.99,62673.65,4146.91,6024.82,288.38,102790.09,343675.08,102790.09,0.2991,0,0,681,69,21133.13,0,0.0,0.0,0.011316507117186805,0.09439476680409774,714.3333333333334,-33.33333333333337,66820.56,1.1590441608393638,0.06616672237854346,1.0,780949.1599999999,723538.39,12,1,0,12,0.3448,0.3186,0.2789,0.3109,0.1659,0.487,737.0,713.0,706.0,717.0,743.0,740.0,0.1823625606995983,0.29909003268426476,0.771161316960512,0.002805496079475371,0.05861227855449339,0.06149141947848102,6,0,0,1
C097,2025-12-01,25164.73,16821.56,36617.08,2816.31,2840.86,225.26,50842.67,114725.38,50842.67,0.4432,0,0,626,54,180165.13,0,0.0,0.0,0.15389559231288383,0.11980391340297138,638.0,-12.0,39433.39,-0.1483043361254225,0.07691246817059143,1.0,325458.1,301986.72,12,2,3,12,0.2634,0.4228,0.4023,0.4247,0.4256,0.3598,694.0,655.0,671.0,696.0,698.0,695.0,0.31916879099645606,0.4431645973663598,0.6684312356526118,0.0044304433570590005,0.05587440875137456,1.5703897394827588,5,0,0,1
C098,2025-12-01,77609.73,44154.79,10425.79,374.5,3468.93,333.16,48057.32,186495.41,48057.32,0.2577,0,0,609,48,158545.16,0,0.0,0.0,0.031996718581754825,0.035136173193258555,620.6666666666666,-11.666666666666629,10800.29,-0.647150012431094,0.03592053935481148,1.0,373308.97000000003,338644.93,12,4,0,12,0.2634,0.4228,0.4023,0.4247,0.4256,0.3598,694.0,655.0,671.0,696.0,698.0,695.0,0.05590343535299152,0.25768496026277393,0.5689263585073868,0.006932410454630957,0.07218167426576709,0.8501244608408279,4,0,0,1
C099,2025-12-01,54139.77,51133.25,59479.27,3063.14,5642.08,173.61,71364.62,205807.44,71364.62,0.3468,0,0,779,41,63541.1,0,0.0,0.16666666666666666,0.03570756222426849,0.05643557979383807,760.5,18.5,62542.409999999996,-0.14159393577465018,0.05149928706253456,1.0,789619.83,738338.68,12,0,0,12,0.2634,0.4228,0.4023,0.4247,0.4256,0.3598,694.0,655.0,671.0,696.0,698.0,695.0,0.28900306518041724,0.34675264046508486,0.9444499958164615,0.002432683973039119,0.07905879609817724,0.30873903907925254,4,0,0,0
C100,2025-12-01,71460.45,48823.92,38550.72,527.44,2120.91,258.33,64093.93,194553.29,64093.93,0.3294,0,0,785,52,181372.41,0,0.0,0.0,0.056405407542185274,0.039872317046626166,789.6666666666666,-4.666666666666629,39078.16,1.3720392121156944,0.013681715931635,1.0,375923.72,328114.96,12,0,2,12,0.2634,0.4228,0.4023,0.4247,0.4256,0.3598,694.0,655.0,671.0,696.0,698.0,695.0,0.1981489074334984,0.329439818571978,0.6832203936528016,0.004030427991730391,0.033090136770568275,0.9322457500166149,5,0,0,0
